file	line	classification	reason	match
.github/workflows/ci.yml	15	UNRELATED BUSINESS TERMINOLOGY	Event subscriptions, git checkout, protocol upgrade, infrastructure resources, or ordinary technical vocabulary.	- name: Checkout
.github/workflows/ci.yml	16	UNRELATED BUSINESS TERMINOLOGY	Event subscriptions, git checkout, protocol upgrade, infrastructure resources, or ordinary technical vocabulary.	uses: actions/checkout@v4
.github/workflows/ci.yml	42	UNRELATED BUSINESS TERMINOLOGY	Event subscriptions, git checkout, protocol upgrade, infrastructure resources, or ordinary technical vocabulary.	- name: Checkout
.github/workflows/ci.yml	43	UNRELATED BUSINESS TERMINOLOGY	Event subscriptions, git checkout, protocol upgrade, infrastructure resources, or ordinary technical vocabulary.	uses: actions/checkout@v4
.github/workflows/ci.yml	68	UNRELATED BUSINESS TERMINOLOGY	Event subscriptions, git checkout, protocol upgrade, infrastructure resources, or ordinary technical vocabulary.	- name: Checkout
.github/workflows/ci.yml	69	UNRELATED BUSINESS TERMINOLOGY	Event subscriptions, git checkout, protocol upgrade, infrastructure resources, or ordinary technical vocabulary.	uses: actions/checkout@v4
.kiro/skills/react-patterns/SKILL.md	57	UNRELATED BUSINESS TERMINOLOGY	Event subscriptions, git checkout, protocol upgrade, infrastructure resources, or ordinary technical vocabulary.	- Clean up every subscription/interval in `useEffect` return
.kiro/skills/ui-ux-pro-max/data/colors.csv	27	UNRELATED BUSINESS TERMINOLOGY	Generic design reference catalog, not LeadCRM entitlement rules.	26,Subscription Box Service,#D946EF,#FFFFFF,#E879F9,#0F172A,#EA580C,#FFFFFF,#FDF4FF,#86198F,#FFFFFF,#86198F,#F0EEF9,#64748B,#F5D0FE,#DC2626,#FFFFFF,#D946EF,Excitement purple + urgency orange [Accent adjusted from #F97316 for WCAG 3:1]
.kiro/skills/ui-ux-pro-max/data/colors.csv	52	UNRELATED BUSINESS TERMINOLOGY	Generic design reference catalog, not LeadCRM entitlement rules.	51,Construction/Architecture,#64748B,#FFFFFF,#94A3B8,#0F172A,#EA580C,#FFFFFF,#F8FAFC,#334155,#FFFFFF,#334155,#EBF0F5,#64748B,#E2E8F0,#DC2626,#FFFFFF,#64748B,Industrial grey + safety orange [Accent adjusted from #F97316 for WCAG 3:1]
.kiro/skills/ui-ux-pro-max/data/colors.csv	103	UNRELATED BUSINESS TERMINOLOGY	Generic design reference catalog, not LeadCRM entitlement rules.	102,Inventory & Stock Management,#334155,#FFFFFF,#475569,#FFFFFF,#059669,#FFFFFF,#F8FAFC,#0F172A,#FFFFFF,#0F172A,#F2F3F4,#64748B,#E6E8EA,#DC2626,#FFFFFF,#334155,Industrial slate + stock green
.kiro/skills/ui-ux-pro-max/data/google-fonts.csv	59	UNRELATED BUSINESS TERMINOLOGY	Generic design reference catalog, not LeadCRM entitlement rules.	Alumni Sans Pinstripe,Sans Serif,Sans Serif,Display,clean modern minimal professional readable neutral geometric humanist grotesque headline hero decorative large-text attention italic russian cyrillic slavic cyrillic extended english western european extended-latin european vietnamese,400 | 400i,,cyrillic | cyrillic-ext | latin | latin-ext | vietnamese,Robert Leuschke,1471,1835,No,2022-06-08,2025-09-16,https://fonts.google.com/specimen/Alumni+Sans+Pinstripe
.kiro/skills/ui-ux-pro-max/data/google-fonts.csv	1493	UNRELATED BUSINESS TERMINOLOGY	Generic design reference catalog, not LeadCRM entitlement rules.	Questrial,Sans Serif,Sans Serif,,clean modern minimal professional readable neutral geometric humanist grotesque english western european extended-latin european vietnamese well-known common,400,,latin | latin-ext | vietnamese,Joe Prince | Laura Meseguer,159,1483,No,2011-08-10,2025-09-11,https://fonts.google.com/specimen/Questrial
.kiro/skills/ui-ux-pro-max/data/icons.csv	47	UNRELATED BUSINESS TERMINOLOGY	Generic design reference catalog, not LeadCRM entitlement rules.	46,Commerce,shopping-cart,cart checkout basket buy,Phosphor,import { ShoppingCart } from '@phosphor-icons/react',<ShoppingCart size={20} weight="regular" />,Shopping cart e-commerce,Outline
.kiro/skills/ui-ux-pro-max/data/icons.csv	49	UNRELATED BUSINESS TERMINOLOGY	Generic design reference catalog, not LeadCRM entitlement rules.	48,Commerce,credit-card,payment card checkout stripe,Phosphor,import { CreditCard } from '@phosphor-icons/react',<CreditCard size={20} weight="regular" />,Payment credit card,Outline
.kiro/skills/ui-ux-pro-max/data/landing.csv	7	UNRELATED BUSINESS TERMINOLOGY	Generic design reference catalog, not LeadCRM entitlement rules.	6,Comparison Table + CTA,"comparison, table, compare, versus, cta","1. Hero, 2. Problem intro, 3. Comparison table (product vs competitors), 4. Pricing (optional), 5. CTA",Table: Right column. CTA: Below table,Table: Alternating rows (white/light grey). Your product: Highlight #FFFACD (light yellow) or green. Text: Dark,"Table row hover highlight, price toggle animations, feature checkmark animations",Use comparison to show unique value. Highlight your product row. Include 'free trial' in pricing row.
.kiro/skills/ui-ux-pro-max/data/landing.csv	9	UNRELATED BUSINESS TERMINOLOGY	Generic design reference catalog, not LeadCRM entitlement rules.	8,Pricing Page + CTA,"pricing, plans, tiers, comparison, cta","1. Hero (pricing headline), 2. Price comparison cards, 3. Feature comparison table, 4. FAQ section, 5. Final CTA",Each card: CTA button. Sticky CTA in nav,"Free: Grey, Starter: Blue, Pro: Green/Gold, Enterprise: Dark. Cards: 1px border, shadow","Price toggle animation (monthly/yearly), card comparison highlight, FAQ accordion open/close",Recommend starter plan (pre-select/highlight). Show annual discount (20-30%). Use FAQs to address concerns.
.kiro/skills/ui-ux-pro-max/data/landing.csv	14	UNRELATED BUSINESS TERMINOLOGY	Generic design reference catalog, not LeadCRM entitlement rules.	13,Comparison Table Focus,"comparison, table, versus, compare, features","1. Hero (problem statement), 2. Comparison matrix (you vs competitors), 3. Feature deep-dive, 4. Winner CTA",After comparison table (highlighted row) + Bottom,Your product column highlighted (accent bg or green). Competitors neutral. Checkmarks green.,"Table row hover highlight, feature checkmark animations, sticky comparison header",Show value vs competitors. 35% higher conversion. Be factual. Include pricing if favorable.
.kiro/skills/ui-ux-pro-max/data/landing.csv	15	UNRELATED BUSINESS TERMINOLOGY	Generic design reference catalog, not LeadCRM entitlement rules.	14,Pricing-Focused Landing,"pricing, price, cost, plans, subscription","1. Hero (value proposition), 2. Pricing cards (3 tiers), 3. Feature comparison, 4. FAQ, 5. Final CTA",Each pricing card + Sticky CTA in nav + Bottom,Popular plan highlighted (brand color border/bg). Free: grey. Enterprise: dark/premium.,"Price toggle monthly/annual animation, card hover lift, FAQ accordion smooth open",Annual discount 20-30%. Recommend mid-tier (most popular badge). Address objections in FAQ.
.kiro/skills/ui-ux-pro-max/data/landing.csv	19	UNRELATED BUSINESS TERMINOLOGY	Generic design reference catalog, not LeadCRM entitlement rules.	18,Event/Conference Landing,"event, conference, meetup, registration, schedule, hero-centric design, hero-centric","1. Hero (date/location/countdown), 2. Speakers grid, 3. Agenda/schedule, 4. Sponsors, 5. Register CTA",Register CTA sticky + After speakers + Bottom,Urgency colors (countdown). Event branding. Speaker cards professional. Sponsor logos neutral.,"Countdown timer, speaker hover cards with bio, agenda tabs, early bird countdown",Early bird pricing with deadline. Social proof (past attendees). Speaker credibility. Multi-ticket discounts.
.kiro/skills/ui-ux-pro-max/data/landing.csv	34	UNRELATED BUSINESS TERMINOLOGY	Generic design reference catalog, not LeadCRM entitlement rules.	33,Trust & Authority + Conversion,"trust & authority, trust, authority, conversion, credibility, enterprise","1. Hero (mission/credibility), 2. Proof (logos, certs, stats), 3. Solution overview, 4. Clear CTA path",Contact Sales / Get Quote (primary) + Nav,"Navy/Grey corporate. Trust blue. Accent for CTA only.","Logo carousel, stat counters, testimonial strip","Security badges. Case studies. Transparent pricing. Low-friction form."
.kiro/skills/ui-ux-pro-max/data/landing.csv	35	UNRELATED BUSINESS TERMINOLOGY	Generic design reference catalog, not LeadCRM entitlement rules.	34,Real-Time / Operations Landing,"real-time, real-time monitor, operations, dashboard, telemetry, live data","1. Hero (product + live preview or status), 2. Key metrics/indicators, 3. How it works, 4. CTA (Start trial / Contact)","Primary CTA in nav + After metrics",Dark or neutral. Status colors (green/amber/red). Data-dense but scannable.,"Live data ticker, status pulse, minimal decoration","For ops/security/iot products. Demo or sandbox link. Trust signals."
.kiro/skills/ui-ux-pro-max/data/products.csv	2	UNRELATED BUSINESS TERMINOLOGY	Generic design reference catalog, not LeadCRM entitlement rules.	1,SaaS (General),"app, b2b, cloud, general, saas, software, subscription",Glassmorphism + Flat Design,"Soft UI Evolution, Minimalism",Hero + Features + CTA,Data-Dense + Real-Time Monitoring,Trust blue + accent contrast,Balance modern feel with clarity. Focus on CTAs.
.kiro/skills/ui-ux-pro-max/data/products.csv	27	UNRELATED BUSINESS TERMINOLOGY	Generic design reference catalog, not LeadCRM entitlement rules.	26,Subscription Box Service,"subscription, box, recurring, membership, unboxing, curated, plan, monthly, surprise, product-box",Vibrant & Block-based + Motion-Driven,"Claymorphism, Aurora UI",Feature-Rich Showcase,E-commerce Analytics,Brand + Excitement colors,Unboxing experience. Personalization quiz. Subscription management. Product reveals.
.kiro/skills/ui-ux-pro-max/data/products.csv	39	UNRELATED BUSINESS TERMINOLOGY	Generic design reference catalog, not LeadCRM entitlement rules.	38,Hotel/Hospitality,"hospitality, hotel",Liquid Glass + Minimalism,"Glassmorphism, Soft UI Evolution",Hero-Centric Design + Social Proof,Revenue Management Dashboard,Warm neutrals + Gold (#D4AF37) + Brand accent,Room booking. Amenities showcase. Location maps. Guest reviews. Seasonal pricing. Luxury imagery.
.kiro/skills/ui-ux-pro-max/data/products.csv	42	UNRELATED BUSINESS TERMINOLOGY	Generic design reference catalog, not LeadCRM entitlement rules.	41,Insurance Platform,"insurance, platform",Trust & Authority + Flat Design,"Accessible & Ethical, Minimalism",Conversion-Optimized + Trust,Claims Analytics Dashboard,Trust Blue (#0066CC) + Green (security) + Neutral,Quote calculator. Policy comparison. Claims process. Trust signals. Clear pricing. Security badges.
.kiro/skills/ui-ux-pro-max/data/products.csv	67	UNRELATED BUSINESS TERMINOLOGY	Generic design reference catalog, not LeadCRM entitlement rules.	66,News/Media Platform,"content, entertainment, media, news, platform, streaming, video",Minimalism + Flat Design,"Dark Mode (OLED), Accessible & Ethical",Hero-Centric Design + Feature-Rich,Media Analytics Dashboard,Brand colors + High contrast + Category colors,Article layout. Breaking news. Categories. Search. Subscription. Mobile reading. Fast loading.
.kiro/skills/ui-ux-pro-max/data/products.csv	72	UNRELATED BUSINESS TERMINOLOGY	Generic design reference catalog, not LeadCRM entitlement rules.	71,Membership/Community,"community, membership",Vibrant & Block-based + Soft UI Evolution,"Bento Box Grid, Micro-interactions",Social Proof-Focused + Conversion,Community Analytics,Community brand colors + Engagement accents,Member benefits. Pricing tiers. Community showcase. Events. Member directory. Exclusive content.
.kiro/skills/ui-ux-pro-max/data/products.csv	74	UNRELATED BUSINESS TERMINOLOGY	Generic design reference catalog, not LeadCRM entitlement rules.	73,Digital Products/Downloads,"digital, downloads, products",Vibrant & Block-based + Motion-Driven,"Glassmorphism, Bento Box Grid",Feature-Rich Showcase + Conversion,E-commerce Analytics,Product category colors + Brand + Success green,Product showcase. Preview. Pricing. Instant delivery. License management. Customer reviews.
.kiro/skills/ui-ux-pro-max/data/products.csv	80	UNRELATED BUSINESS TERMINOLOGY	Generic design reference catalog, not LeadCRM entitlement rules.	79,Coding Bootcamp,"bootcamp, coding",Dark Mode (OLED) + Minimalism,"Cyberpunk UI, Flat Design",Feature-Rich Showcase + Social Proof,Student Analytics,Code editor colors + Brand + Success green,Curriculum. Projects. Career outcomes. Alumni. Pricing. Application. Terminal aesthetic.
.kiro/skills/ui-ux-pro-max/data/products.csv	124	UNRELATED BUSINESS TERMINOLOGY	Generic design reference catalog, not LeadCRM entitlement rules.	123,Idle & Clicker Game,"idle, clicker, incremental, passive, cookie, adventure, progress, offline, collect, prestige",Vibrant & Block-based + Motion-Driven,"Claymorphism, 3D & Hyperrealism",Feature-Rich Showcase,N/A - Progress focused,Coin gold + upgrade blue + prestige purple + progress green,Offline progress calculation. Satisfying number animations. Upgrade tree clarity. Prestige system. Optional ads.
.kiro/skills/ui-ux-pro-max/data/products.csv	132	UNRELATED BUSINESS TERMINOLOGY	Generic design reference catalog, not LeadCRM entitlement rules.	131,AI Photo & Avatar Generator,"ai, photo, avatar, lensa, portrait, generate, selfie, style, filter, prisma, art",AI-Native UI + Aurora UI,"Glassmorphism, Minimalism",Feature-Rich Showcase + Social Proof,N/A - Generation focused,AI purple + aurora gradients + before/after neutral,Style selection. Multiple output variations. Privacy policy prominent. Fast generation. Credits/subscription system.
.kiro/skills/ui-ux-pro-max/data/products.csv	173	UNRELATED BUSINESS TERMINOLOGY	Generic design reference catalog, not LeadCRM entitlement rules.	172,Conference / Symposium Landing Page,"conference, symposium, summit, cfp, call-for-papers, speaker-lineup, registration, venue, proceedings, keynote, track",Swiss Modernism 2.0 + Minimalism,"Trust & Authority, Accessible & Ethical",Hero + Agenda + CFP,N/A - Event focused,Academic navy + track color chips + gold keynote + neutral white,Speaker grid. Multi-track agenda. CFP deadline countdown. Venue map. Sponsor tiers. Early-bird pricing. Proceedings download.
.kiro/skills/ui-ux-pro-max/data/react-performance.csv	18	UNRELATED BUSINESS TERMINOLOGY	Generic design reference catalog, not LeadCRM entitlement rules.	17,Client,Event Listener Dedup,event listener deduplicate global,React/Next.js,Share global event listeners across component instances,Use useSWRSubscription for shared listeners,Register listener per component instance,"useSWRSubscription('global-keydown', () => { window.addEventListener... })","useEffect(() => { window.addEventListener('keydown', handler) }, [])",Low
.kiro/skills/ui-ux-pro-max/data/react-performance.csv	19	UNRELATED BUSINESS TERMINOLOGY	Generic design reference catalog, not LeadCRM entitlement rules.	18,Rerender,Defer State Reads,state read callback subscription,React/Next.js,Don't subscribe to state only used in callbacks,Read state on-demand in callbacks,Subscribe to state used only in handlers,"const handleClick = () => { const params = new URLSearchParams(location.search) }","const params = useSearchParams(); const handleClick = () => { params.get('ref') }",Medium
.kiro/skills/ui-ux-pro-max/data/react-performance.csv	22	UNRELATED BUSINESS TERMINOLOGY	Generic design reference catalog, not LeadCRM entitlement rules.	21,Rerender,Derived State,derived boolean subscription,React/Next.js,Subscribe to derived booleans instead of continuous values,Use derived boolean state,Subscribe to continuous values,"const isMobile = useMediaQuery('(max-width: 767px)')","const width = useWindowWidth(); const isMobile = width < 768",Medium
.kiro/skills/ui-ux-pro-max/data/react-performance.csv	44	UNRELATED BUSINESS TERMINOLOGY	Generic design reference catalog, not LeadCRM entitlement rules.	43,Advanced,Event Handler Refs,useeffectevent ref handler,React/Next.js,Store callbacks in refs for stable effect subscriptions,Use useEffectEvent for stable handlers,Re-subscribe on every callback change,"const onEvent = useEffectEvent(handler); useEffect(() => { listen(onEvent) }, [])","useEffect(() => { listen(handler) }, [handler]) // re-subscribes",Low
.kiro/skills/ui-ux-pro-max/data/stacks/angular.csv	33	UNRELATED BUSINESS TERMINOLOGY	Generic design reference catalog, not LeadCRM entitlement rules.	32,Performance,Avoid subscribe in components,Subscriptions leak and cause bugs; prefer async pipe or toSignal,toSignal() or async pipe instead of manual subscribe,Manual subscribe without unsubscribe in ngOnDestroy,readonly data = toSignal(this.service.data$),this.service.data$.subscribe(d => this.data = d),High,https://angular.dev/guide/rxjs-interop
.kiro/skills/ui-ux-pro-max/data/stacks/angular.csv	49	UNRELATED BUSINESS TERMINOLOGY	Generic design reference catalog, not LeadCRM entitlement rules.	48,Architecture,Organize by feature not type,Feature-based folder structure scales better than type-based,Feature folders with collocated component service and routes,Flat folders: all-components/ all-services/,src/features/checkout/checkout.component.ts checkout.service.ts checkout.routes.ts,src/components/checkout.component.ts src/services/checkout.service.ts,Medium,https://angular.dev/style-guide#folders-by-feature-structure
.kiro/skills/ui-ux-pro-max/data/stacks/flutter.csv	10	UNRELATED BUSINESS TERMINOLOGY	Generic design reference catalog, not LeadCRM entitlement rules.	9,State,Dispose resources,Clean up controllers and subscriptions,dispose() for cleanup,Memory leaks from subscriptions,@override void dispose() { controller.dispose(); },No dispose implementation,High,
.kiro/skills/ui-ux-pro-max/data/stacks/flutter.csv	25	UNRELATED BUSINESS TERMINOLOGY	Generic design reference catalog, not LeadCRM entitlement rules.	24,Async,Use StreamBuilder,Stream UI building,StreamBuilder for streams,Manual stream subscription,StreamBuilder(stream: myStream),stream.listen in initState,Medium,https://api.flutter.dev/flutter/widgets/StreamBuilder-class.html
.kiro/skills/ui-ux-pro-max/data/stacks/flutter.csv	27	UNRELATED BUSINESS TERMINOLOGY	Generic design reference catalog, not LeadCRM entitlement rules.	26,Async,Cancel subscriptions,Clean up stream subscriptions,Cancel in dispose,Memory leaks,subscription.cancel() in dispose,No subscription cleanup,High,
.kiro/skills/ui-ux-pro-max/data/stacks/nuxt-ui.csv	69	UNRELATED BUSINESS TERMINOLOGY	Generic design reference catalog, not LeadCRM entitlement rules.	68,Theming,Read generated theme file to find slot names,Nuxt UI generates theme files listing all component slots and variants,Check .nuxt/ui/<component>.ts for slot names,Guess slot names or use trial-and-error,".nuxt/ui/button.ts for UButton slot names","<UButton :ui=""{ base: 'rounded-full' }""/> without checking slots",Medium,https://ui.nuxt.com/docs/getting-started/theme/components
.kiro/skills/ui-ux-pro-max/data/stacks/react-native.csv	43	UNRELATED BUSINESS TERMINOLOGY	Generic design reference catalog, not LeadCRM entitlement rules.	42,Async,Cancel async operations,Cleanup on unmount,AbortController or cleanup,Memory leaks from async,useEffect cleanup,No cleanup for subscriptions,High,
.kiro/skills/ui-ux-pro-max/data/stacks/react.csv	7	UNRELATED BUSINESS TERMINOLOGY	Generic design reference catalog, not LeadCRM entitlement rules.	6,Effects,Clean up effects,Return cleanup function for subscriptions timers,Return cleanup function in useEffect,No cleanup for subscriptions,useEffect(() => { sub(); return unsub; }),useEffect(() => { subscribe(); }),High,https://react.dev/reference/react/useEffect#connecting-to-an-external-system
.kiro/skills/ui-ux-pro-max/data/stacks/svelte.csv	6	UNRELATED BUSINESS TERMINOLOGY	Generic design reference catalog, not LeadCRM entitlement rules.	5,Reactivity,Use $effect for side effects,$effect replaces $: side effects,Use $effect for subscriptions,$: for side effects in Svelte 5,$effect(() => console.log(count)),$: console.log(count) (Svelte 5),Medium,
.kiro/skills/ui-ux-pro-max/data/stacks/svelte.csv	23	UNRELATED BUSINESS TERMINOLOGY	Generic design reference catalog, not LeadCRM entitlement rules.	22,Stores,Use derived for computed stores,Combine or transform stores,derived for computed values,Manual subscription for derived,"derived(count, $c => $c * 2)",count.subscribe(c => doubled = c * 2),Medium,https://svelte.dev/docs/svelte-store#derived
.kiro/skills/ui-ux-pro-max/data/stacks/svelte.csv	24	UNRELATED BUSINESS TERMINOLOGY	Generic design reference catalog, not LeadCRM entitlement rules.	23,Stores,Use $ prefix for auto-subscription,Automatic subscribe/unsubscribe,$storeName in components,Manual subscription,{$count},count.subscribe(c => value = c),High,
.kiro/skills/ui-ux-pro-max/data/stacks/svelte.csv	25	UNRELATED BUSINESS TERMINOLOGY	Generic design reference catalog, not LeadCRM entitlement rules.	24,Stores,Clean up custom subscriptions,Unsubscribe when component destroys,Return unsubscribe from onMount,Leave subscriptions open,onMount(() => store.subscribe(fn)),store.subscribe(fn) in script,High,
.kiro/skills/ui-ux-pro-max/data/stacks/vue.csv	11	UNRELATED BUSINESS TERMINOLOGY	Generic design reference catalog, not LeadCRM entitlement rules.	10,Watchers,Clean up side effects,Return cleanup function in watchers,Return cleanup in watchEffect,Leave subscriptions open,watchEffect((onCleanup) => { onCleanup(unsub) }),watchEffect without cleanup,High,
.kiro/skills/ui-ux-pro-max/data/stacks/vue.csv	18	UNRELATED BUSINESS TERMINOLOGY	Generic design reference catalog, not LeadCRM entitlement rules.	17,Lifecycle,Clean up in onUnmounted,Remove listeners and subscriptions,onUnmounted for cleanup,Leave listeners attached,onUnmounted(() => window.removeEventListener()),No cleanup on unmount,High,
.kiro/skills/ui-ux-pro-max/data/styles.csv	18	UNRELATED BUSINESS TERMINOLOGY	Generic design reference catalog, not LeadCRM entitlement rules.	17,Inclusive Design,General,"Accessible, color-blind friendly, high contrast, haptic feedback, voice interaction, screen reader, WCAG AAA, universal","WCAG AAA (7:1+ contrast), avoid red-green only, symbol-based indicators, high contrast primary","Supporting patterns (stripes, dots, hatch), symbols, combinations, clear non-color indicators","Haptic feedback (vibration), voice guidance, focus indicators (4px+ ring), motion options, alt content, semantic","Public services, education, healthcare, finance, government, accessible consumer, inclusive",None - accessibility universal,✓ Full,✓ Full,⚡ Excellent,✓ WCAG AAA,✓ High,✓ High,All frameworks 10/10,Universal,Low,"Design for universal accessibility: high contrast (7:1+), large text (16px+), keyboard-only navigation, screen reader optimization, WCAG AAA compliance, symbol-based color indicators (not color-only), haptic feedback, voice interaction support, reduced motion options.","aria-* attributes complete, role attributes semantic, focus-visible: 3-4px ring, color-contrast: 7:1+, @media (prefers-reduced-motion), alt text on all images, form labels properly associated","☐ WCAG AAA verified, ☐ 7:1+ contrast all text, ☐ Keyboard accessible (Tab/Enter), ☐ Screen reader tested, ☐ Focus visible 3-4px, ☐ No color-only indicators, ☐ Haptic fallback","--contrast-ratio: 7:1, --font-size: 16px+, --keyboard-accessible: true, --sr-compatible: true, --wcag-level: AAA, --color-symbols: true, --haptic: enabled"
.kiro/skills/ui-ux-pro-max/data/styles.csv	22	UNRELATED BUSINESS TERMINOLOGY	Generic design reference catalog, not LeadCRM entitlement rules.	21,Conversion-Optimized,Landing Page,"Form-focused, minimalist design, single CTA focus, high contrast, urgency elements, trust signals, social proof, clear value","Primary brand color, high-contrast white/light backgrounds, warning/urgency colors for time-limited offers","Secondary CTA color (muted), trust element colors (testimonial highlights), accent for key benefits","Hover states on CTA (color shift, slight scale), form field focus animations, loading spinner, success feedback","E-commerce product pages, free trial signups, lead generation, SaaS pricing pages, limited-time offers","Complex feature explanations, multi-product showcases, technical documentation",✓ Full,✓ Full,⚡ Excellent,✓ WCAG AA,✓ Full (mobile-optimized),✓ Very High,"Tailwind 10/10, Bootstrap 9/10",2020s Modern,Medium,"Design a conversion-optimized landing page. Use: single primary CTA, minimal distractions, trust badges, urgency elements (limited time), social proof (testimonials), clear value proposition, form above fold, progress indicators.","form with focus states, input:focus ring, button: primary color high contrast, position: sticky for CTA, max-width: 600px for form, loading spinner, success/error states","☐ Single primary CTA visible, ☐ Form fields minimal (3-5), ☐ Trust badges present, ☐ Social proof above fold, ☐ Mobile form optimized, ☐ Loading states implemented, ☐ A/B test ready","--cta-color: high contrast primary, --form-max-width: 600px, --input-height: 48px, --focus-ring: 3px solid accent, --success-color: #22C55E, --error-color: #EF4444"
.kiro/skills/ui-ux-pro-max/data/styles.csv	38	UNRELATED BUSINESS TERMINOLOGY	Generic design reference catalog, not LeadCRM entitlement rules.	37,Sales Intelligence Dashboard,BI/Analytics,"Deal pipeline, sales metrics, territory performance, sales rep leaderboard, win-loss analysis, quota tracking, forecast accuracy","Sales colors: won (green), lost (red), in-progress (blue), blocked (orange), quota met (gold), quota missed (grey)","Pipeline stage colors, rep performance colors, quota achievement colors, forecast accuracy colors","Deal movement animations, metric updates, leaderboard ranking changes, gauge needle movements, status change highlights","CRM dashboards, sales management, opportunity tracking, performance management, quota planning","Marketing analytics, customer support metrics, HR dashboards",✓ Full,✓ Full,⚡ Good,✓ WCAG AA,◐ Medium,✗ Not applicable,"Recharts 9/10, Chart.js 9/10",2020s Modern,Medium,"Design a sales intelligence dashboard. Use: pipeline funnel, deal cards (kanban), quota gauges, leaderboard table, territory map, win/loss ratios, forecast accuracy, activity timeline.","kanban columns (flex), gauge chart (SVG arc), leaderboard ranking styles, map integration (Mapbox/Google), timeline vertical, deal card with status border","☐ Pipeline stages shown, ☐ Deals draggable, ☐ Quotas visualized, ☐ Rankings updated, ☐ Territory clickable, ☐ CRM integration","--pipeline-colors: stage gradient, --gauge-track: #E5E7EB, --gauge-fill: primary, --rank-1-color: #FFD700, --rank-2-color: #C0C0C0, --rank-3-color: #CD7F32"
.kiro/skills/ui-ux-pro-max/data/styles.csv	43	UNRELATED BUSINESS TERMINOLOGY	Generic design reference catalog, not LeadCRM entitlement rules.	42,Organic Biophilic,General,"Nature, organic shapes, green, sustainable, rounded, flowing, wellness, earthy, natural textures","#228B22 (Forest Green), #8B4513 (Earth Brown), #87CEEB (Sky Blue), #F5F5DC (Beige)","Natural gradients, earth tones, sky blues, organic textures, wood/stone colors","Rounded corners (16-24px), organic curves (border-radius variations), natural shadows, flowing SVG shapes","Wellness apps, sustainability brands, eco products, health apps, meditation, organic food brands","Tech-focused products, gaming, industrial, urban brands",✓ Full,✓ Full,⚡ Excellent,✓ WCAG AA,✓ High,✓ High,"Tailwind 10/10, CSS 10/10",2020s Sustainable,Low,"Design a biophilic organic interface. Use: nature-inspired colors (greens, browns), organic curved shapes, rounded corners (16-24px), natural textures (wood, stone), flowing SVG elements, wellness aesthetic, earthy palette.","border-radius: 16-24px (varied), background: earth tones, SVG organic shapes (blob), box-shadow: natural soft, color: #228B22 #8B4513 #87CEEB, texture overlays (subtle)","☐ Earth tones dominant, ☐ Organic curves present, ☐ Natural textures subtle, ☐ Green accents, ☐ Rounded everywhere, ☐ Calming feel","--forest-green: #228B22, --earth-brown: #8B4513, --sky-blue: #87CEEB, --cream-bg: #F5F5DC, --organic-radius: 24px, --shadow-soft: 0 8px 32px rgba(0,0,0,0.08)"
.kiro/skills/ui-ux-pro-max/data/ui-reasoning.csv	5	UNRELATED BUSINESS TERMINOLOGY	Generic design reference catalog, not LeadCRM entitlement rules.	4,E-commerce Luxury,Feature-Rich Showcase,Liquid Glass + Glassmorphism,Premium colors + Minimal accent,Elegant + Refined typography,Chromatic aberration + Fluid animations (400-600ms),"{""if_checkout"": ""emphasize-trust"", ""if_hero_needed"": ""use-3d-hyperrealism""}",Vibrant & Block-based + Playful colors,HIGH
.kiro/skills/ui-ux-pro-max/data/ui-reasoning.csv	27	UNRELATED BUSINESS TERMINOLOGY	Generic design reference catalog, not LeadCRM entitlement rules.	26,Subscription Box Service,Feature-Rich + Conversion,Vibrant & Block-based + Motion-Driven,Brand + Excitement colors,Engaging + Clear typography,Unboxing reveal animations + Product carousel,"{""must_have"": ""personalization-quiz"", ""must_have"": ""subscription-management""}",Confusing pricing + No unboxing preview,HIGH
.kiro/skills/ui-ux-pro-max/data/ui-reasoning.csv	42	UNRELATED BUSINESS TERMINOLOGY	Generic design reference catalog, not LeadCRM entitlement rules.	41,Insurance Platform,Conversion + Trust,Trust & Authority + Flat Design,Trust Blue (#0066CC) + Green + Neutral,Clear + Professional typography,Quote calculator animations + Policy comparison,"{""must_have"": ""quote-calculator"", ""must_have"": ""policy-comparison""}",Confusing pricing + No trust signals + AI purple/pink gradients,HIGH
.kiro/skills/ui-ux-pro-max/data/ui-reasoning.csv	72	UNRELATED BUSINESS TERMINOLOGY	Generic design reference catalog, not LeadCRM entitlement rules.	71,Membership/Community,Social Proof + Conversion,Vibrant & Block-based + Soft UI Evolution,Community brand colors + Engagement,Friendly + Engaging typography,Member counter + Benefit reveals,"{""must_have"": ""member-benefits"", ""must_have"": ""pricing-tiers""}",Hidden benefits + No community proof,HIGH
.kiro/skills/ui-ux-pro-max/data/ui-reasoning.csv	124	UNRELATED BUSINESS TERMINOLOGY	Generic design reference catalog, not LeadCRM entitlement rules.	123,Idle & Clicker Game,Feature-Rich Showcase,Vibrant & Block-based + Motion-Driven,Coin gold + upgrade blue + prestige purple + progress green,Energetic + Bold + Large,Scroll animations + Parallax + Page transitions,"{""if_ux_focused"": ""prioritize-clarity"", ""if_mobile"": ""optimize-touch-targets""}",Muted colors + Low energy,HIGH
.kiro/skills/ui-ux-pro-max/scripts/core.py	355	UNRELATED BUSINESS TERMINOLOGY	Generic design reference catalog, not LeadCRM entitlement rules.	"landing": ["landing", "page", "cta", "conversion", "hero", "testimonial", "pricing", "section"],
.kiro/skills/ui-ux-pro-max/scripts/design_system.py	1331	UNRELATED BUSINESS TERMINOLOGY	Generic design reference catalog, not LeadCRM entitlement rules.	(["checkout", "payment", "cart", "purchase", "order", "billing"], "Checkout / Payment"),
.kiro/skills/ui-ux-pro-max/scripts/design_system.py	1335	UNRELATED BUSINESS TERMINOLOGY	Generic design reference catalog, not LeadCRM entitlement rules.	(["pricing", "plans", "subscription", "tiers", "packages"], "Pricing / Plans"),
.kiro/specs/data-view-system/requirements.md	86	UNRELATED BUSINESS TERMINOLOGY	Event subscriptions, git checkout, protocol upgrade, infrastructure resources, or ordinary technical vocabulary.	and sort. Currently uses fire-and-forget with silent failure; this spec upgrades the failure
.kiro/specs/manage-columns-persistence/requirements.md	227	UNRELATED BUSINESS TERMINOLOGY	Event subscriptions, git checkout, protocol upgrade, infrastructure resources, or ordinary technical vocabulary.	**User Story:** As an existing user, I want the system to work seamlessly even if I have no saved preferences, so that the upgrade is invisible to me.
.kiro/specs/onboarding-redirect-fix/tasks.md	386	HISTORICAL / DATABASE RETENTION	Explicitly historical project record; current access guidance supersedes it.	# ── Stripe ─────────────────────────────────────────────────────────
.kiro/specs/onboarding-redirect-fix/tasks.md	388	HISTORICAL / DATABASE RETENTION	Explicitly historical project record; current access guidance supersedes it.	STRIPE_SECRET_KEY="sk_live_your_stripe_secret_key"
.kiro/specs/onboarding-redirect-fix/tasks.md	389	HISTORICAL / DATABASE RETENTION	Explicitly historical project record; current access guidance supersedes it.	STRIPE_PUBLISHABLE_KEY="pk_live_your_stripe_publishable_key"
.kiro/specs/onboarding-redirect-fix/tasks.md	390	HISTORICAL / DATABASE RETENTION	Explicitly historical project record; current access guidance supersedes it.	STRIPE_WEBHOOK_SECRET="whsec_your_stripe_webhook_signing_secret"
.kiro/specs/onboarding-redirect-fix/tasks.md	415	HISTORICAL / DATABASE RETENTION	Explicitly historical project record; current access guidance supersedes it.	# ── Stripe (frontend) ──────────────────────────────────────────────
.kiro/specs/onboarding-redirect-fix/tasks.md	416	HISTORICAL / DATABASE RETENTION	Explicitly historical project record; current access guidance supersedes it.	STRIPE_SECRET_KEY=sk_live_your_stripe_secret_key
.kiro/specs/onboarding-redirect-fix/tasks.md	417	HISTORICAL / DATABASE RETENTION	Explicitly historical project record; current access guidance supersedes it.	STRIPE_PUBLISHABLE_KEY=pk_live_your_stripe_publishable_key
.kiro/specs/unified-data-views/requirements.md	43	UNRELATED BUSINESS TERMINOLOGY	Event subscriptions, git checkout, protocol upgrade, infrastructure resources, or ordinary technical vocabulary.	- **useTablePreferences**: The existing hook at `frontend/src/shared/hooks/use-table-preferences.ts`. Manages pageSize, viewMode (wrap/clip), and sort. Currently uses fire-and-forget with silent failure; this spec upgrades the failure path to show a non-blocking error toast.
backend/BATCH-EMAIL-TEST-RESULTS.md	193	UNRELATED BUSINESS TERMINOLOGY	Event subscriptions, git checkout, protocol upgrade, infrastructure resources, or ordinary technical vocabulary.	1. Add rate limiting per Gmail quota (consider daily limits)
backend/prisma/migrations/20260723114720_init/migration.sql	5	HISTORICAL / DATABASE RETENTION	Ignored schema or applied migration; retain stored history without destructive DDL.	CREATE TYPE "SubscriptionStatus" AS ENUM ('TRIAL', 'ACTIVE', 'PAST_DUE', 'CANCELLED', 'EXPIRED');
backend/prisma/migrations/20260723114720_init/migration.sql	8	HISTORICAL / DATABASE RETENTION	Ignored schema or applied migration; retain stored history without destructive DDL.	CREATE TYPE "PlanType" AS ENUM ('FREE', 'PRO', 'ENTERPRISE');
backend/prisma/migrations/20260723114720_init/migration.sql	46	HISTORICAL / DATABASE RETENTION	Ignored schema or applied migration; retain stored history without destructive DDL.	CREATE TABLE "PricingPlan" (
backend/prisma/migrations/20260723114720_init/migration.sql	49	HISTORICAL / DATABASE RETENTION	Ignored schema or applied migration; retain stored history without destructive DDL.	"planType" "PlanType" NOT NULL,
backend/prisma/migrations/20260723114720_init/migration.sql	61	HISTORICAL / DATABASE RETENTION	Ignored schema or applied migration; retain stored history without destructive DDL.	CONSTRAINT "PricingPlan_pkey" PRIMARY KEY ("id")
backend/prisma/migrations/20260723114720_init/migration.sql	65	HISTORICAL / DATABASE RETENTION	Ignored schema or applied migration; retain stored history without destructive DDL.	CREATE TABLE "PlanFeature" (
backend/prisma/migrations/20260723114720_init/migration.sql	67	HISTORICAL / DATABASE RETENTION	Ignored schema or applied migration; retain stored history without destructive DDL.	"planId" TEXT NOT NULL,
backend/prisma/migrations/20260723114720_init/migration.sql	71	HISTORICAL / DATABASE RETENTION	Ignored schema or applied migration; retain stored history without destructive DDL.	CONSTRAINT "PlanFeature_pkey" PRIMARY KEY ("id")
backend/prisma/migrations/20260723114720_init/migration.sql	85	HISTORICAL / DATABASE RETENTION	Ignored schema or applied migration; retain stored history without destructive DDL.	"subscriptionStatus" "SubscriptionStatus" NOT NULL DEFAULT 'TRIAL',
backend/prisma/migrations/20260723114720_init/migration.sql	86	HISTORICAL / DATABASE RETENTION	Ignored schema or applied migration; retain stored history without destructive DDL.	"plan" "PlanType" NOT NULL DEFAULT 'FREE',
backend/prisma/migrations/20260723114720_init/migration.sql	87	HISTORICAL / DATABASE RETENTION	Ignored schema or applied migration; retain stored history without destructive DDL.	"trialEndsAt" TIMESTAMP(3),
backend/prisma/migrations/20260723114720_init/migration.sql	88	HISTORICAL / DATABASE RETENTION	Ignored schema or applied migration; retain stored history without destructive DDL.	"subscriptionEndsAt" TIMESTAMP(3),
backend/prisma/migrations/20260723114720_init/migration.sql	101	HISTORICAL / DATABASE RETENTION	Ignored schema or applied migration; retain stored history without destructive DDL.	CREATE TABLE "Subscription" (
backend/prisma/migrations/20260723114720_init/migration.sql	104	HISTORICAL / DATABASE RETENTION	Ignored schema or applied migration; retain stored history without destructive DDL.	"planId" TEXT NOT NULL,
backend/prisma/migrations/20260723114720_init/migration.sql	106	HISTORICAL / DATABASE RETENTION	Ignored schema or applied migration; retain stored history without destructive DDL.	"status" "SubscriptionStatus" NOT NULL DEFAULT 'TRIAL',
backend/prisma/migrations/20260723114720_init/migration.sql	115	HISTORICAL / DATABASE RETENTION	Ignored schema or applied migration; retain stored history without destructive DDL.	CONSTRAINT "Subscription_pkey" PRIMARY KEY ("id")
backend/prisma/migrations/20260723114720_init/migration.sql	644	HISTORICAL / DATABASE RETENTION	Ignored schema or applied migration; retain stored history without destructive DDL.	"subscriptionId" TEXT,
backend/prisma/migrations/20260723114720_init/migration.sql	798	HISTORICAL / DATABASE RETENTION	Ignored schema or applied migration; retain stored history without destructive DDL.	CREATE UNIQUE INDEX "PricingPlan_name_key" ON "PricingPlan"("name");
backend/prisma/migrations/20260723114720_init/migration.sql	801	HISTORICAL / DATABASE RETENTION	Ignored schema or applied migration; retain stored history without destructive DDL.	CREATE INDEX "PlanFeature_planId_idx" ON "PlanFeature"("planId");
backend/prisma/migrations/20260723114720_init/migration.sql	807	HISTORICAL / DATABASE RETENTION	Ignored schema or applied migration; retain stored history without destructive DDL.	CREATE INDEX "Subscription_tenantId_status_idx" ON "Subscription"("tenantId", "status");
backend/prisma/migrations/20260723114720_init/migration.sql	1068	HISTORICAL / DATABASE RETENTION	Ignored schema or applied migration; retain stored history without destructive DDL.	ALTER TABLE "PlanFeature" ADD CONSTRAINT "PlanFeature_planId_fkey" FOREIGN KEY ("planId") REFERENCES "PricingPlan"("id") ON DELETE CASCADE ON UPDATE CASCADE;
backend/prisma/migrations/20260723114720_init/migration.sql	1071	HISTORICAL / DATABASE RETENTION	Ignored schema or applied migration; retain stored history without destructive DDL.	ALTER TABLE "Subscription" ADD CONSTRAINT "Subscription_tenantId_fkey" FOREIGN KEY ("tenantId") REFERENCES "Tenant"("id") ON DELETE RESTRICT ON UPDATE CASCADE;
backend/prisma/migrations/20260723114720_init/migration.sql	1074	HISTORICAL / DATABASE RETENTION	Ignored schema or applied migration; retain stored history without destructive DDL.	ALTER TABLE "Subscription" ADD CONSTRAINT "Subscription_planId_fkey" FOREIGN KEY ("planId") REFERENCES "PricingPlan"("id") ON DELETE RESTRICT ON UPDATE CASCADE;
backend/prisma/migrations/20260723114720_init/migration.sql	1305	HISTORICAL / DATABASE RETENTION	Ignored schema or applied migration; retain stored history without destructive DDL.	ALTER TABLE "Invoice" ADD CONSTRAINT "Invoice_subscriptionId_fkey" FOREIGN KEY ("subscriptionId") REFERENCES "Subscription"("id") ON DELETE SET NULL ON UPDATE CASCADE;
backend/prisma/migrations/20260808100000_add_stripe_fields/migration.sql	1	HISTORICAL / DATABASE RETENTION	Ignored schema or applied migration; retain stored history without destructive DDL.	-- Migration: add_stripe_fields
backend/prisma/migrations/20260808100000_add_stripe_fields/migration.sql	2	HISTORICAL / DATABASE RETENTION	Ignored schema or applied migration; retain stored history without destructive DDL.	-- Adds Stripe integration identifiers to Tenant, PricingPlan, Subscription, and PaymentTransaction.
backend/prisma/migrations/20260808100000_add_stripe_fields/migration.sql	7	HISTORICAL / DATABASE RETENTION	Ignored schema or applied migration; retain stored history without destructive DDL.	ADD COLUMN IF NOT EXISTS "stripeCustomerId" TEXT;
backend/prisma/migrations/20260808100000_add_stripe_fields/migration.sql	9	HISTORICAL / DATABASE RETENTION	Ignored schema or applied migration; retain stored history without destructive DDL.	CREATE UNIQUE INDEX IF NOT EXISTS "Tenant_stripeCustomerId_key"
backend/prisma/migrations/20260808100000_add_stripe_fields/migration.sql	10	HISTORICAL / DATABASE RETENTION	Ignored schema or applied migration; retain stored history without destructive DDL.	ON "Tenant"("stripeCustomerId");
backend/prisma/migrations/20260808100000_add_stripe_fields/migration.sql	12	HISTORICAL / DATABASE RETENTION	Ignored schema or applied migration; retain stored history without destructive DDL.	-- ── PricingPlan ───────────────────────────────────────────────────────────────
backend/prisma/migrations/20260808100000_add_stripe_fields/migration.sql	13	HISTORICAL / DATABASE RETENTION	Ignored schema or applied migration; retain stored history without destructive DDL.	ALTER TABLE "PricingPlan"
backend/prisma/migrations/20260808100000_add_stripe_fields/migration.sql	14	HISTORICAL / DATABASE RETENTION	Ignored schema or applied migration; retain stored history without destructive DDL.	ADD COLUMN IF NOT EXISTS "stripeProductId"        TEXT,
backend/prisma/migrations/20260808100000_add_stripe_fields/migration.sql	15	HISTORICAL / DATABASE RETENTION	Ignored schema or applied migration; retain stored history without destructive DDL.	ADD COLUMN IF NOT EXISTS "stripeMonthlyPriceId"   TEXT,
backend/prisma/migrations/20260808100000_add_stripe_fields/migration.sql	16	HISTORICAL / DATABASE RETENTION	Ignored schema or applied migration; retain stored history without destructive DDL.	ADD COLUMN IF NOT EXISTS "stripeQuarterlyPriceId" TEXT,
backend/prisma/migrations/20260808100000_add_stripe_fields/migration.sql	17	HISTORICAL / DATABASE RETENTION	Ignored schema or applied migration; retain stored history without destructive DDL.	ADD COLUMN IF NOT EXISTS "stripeAnnualPriceId"    TEXT;
backend/prisma/migrations/20260808100000_add_stripe_fields/migration.sql	19	HISTORICAL / DATABASE RETENTION	Ignored schema or applied migration; retain stored history without destructive DDL.	CREATE UNIQUE INDEX IF NOT EXISTS "PricingPlan_stripeProductId_key"
backend/prisma/migrations/20260808100000_add_stripe_fields/migration.sql	20	HISTORICAL / DATABASE RETENTION	Ignored schema or applied migration; retain stored history without destructive DDL.	ON "PricingPlan"("stripeProductId");
backend/prisma/migrations/20260808100000_add_stripe_fields/migration.sql	21	HISTORICAL / DATABASE RETENTION	Ignored schema or applied migration; retain stored history without destructive DDL.	CREATE UNIQUE INDEX IF NOT EXISTS "PricingPlan_stripeMonthlyPriceId_key"
backend/prisma/migrations/20260808100000_add_stripe_fields/migration.sql	22	HISTORICAL / DATABASE RETENTION	Ignored schema or applied migration; retain stored history without destructive DDL.	ON "PricingPlan"("stripeMonthlyPriceId");
backend/prisma/migrations/20260808100000_add_stripe_fields/migration.sql	23	HISTORICAL / DATABASE RETENTION	Ignored schema or applied migration; retain stored history without destructive DDL.	CREATE UNIQUE INDEX IF NOT EXISTS "PricingPlan_stripeQuarterlyPriceId_key"
backend/prisma/migrations/20260808100000_add_stripe_fields/migration.sql	24	HISTORICAL / DATABASE RETENTION	Ignored schema or applied migration; retain stored history without destructive DDL.	ON "PricingPlan"("stripeQuarterlyPriceId");
backend/prisma/migrations/20260808100000_add_stripe_fields/migration.sql	25	HISTORICAL / DATABASE RETENTION	Ignored schema or applied migration; retain stored history without destructive DDL.	CREATE UNIQUE INDEX IF NOT EXISTS "PricingPlan_stripeAnnualPriceId_key"
backend/prisma/migrations/20260808100000_add_stripe_fields/migration.sql	26	HISTORICAL / DATABASE RETENTION	Ignored schema or applied migration; retain stored history without destructive DDL.	ON "PricingPlan"("stripeAnnualPriceId");
backend/prisma/migrations/20260808100000_add_stripe_fields/migration.sql	28	HISTORICAL / DATABASE RETENTION	Ignored schema or applied migration; retain stored history without destructive DDL.	-- ── Subscription ──────────────────────────────────────────────────────────────
backend/prisma/migrations/20260808100000_add_stripe_fields/migration.sql	29	HISTORICAL / DATABASE RETENTION	Ignored schema or applied migration; retain stored history without destructive DDL.	ALTER TABLE "Subscription"
backend/prisma/migrations/20260808100000_add_stripe_fields/migration.sql	30	HISTORICAL / DATABASE RETENTION	Ignored schema or applied migration; retain stored history without destructive DDL.	ADD COLUMN IF NOT EXISTS "stripeSubscriptionId"    TEXT,
backend/prisma/migrations/20260808100000_add_stripe_fields/migration.sql	31	HISTORICAL / DATABASE RETENTION	Ignored schema or applied migration; retain stored history without destructive DDL.	ADD COLUMN IF NOT EXISTS "stripeCheckoutSessionId" TEXT;
backend/prisma/migrations/20260808100000_add_stripe_fields/migration.sql	33	HISTORICAL / DATABASE RETENTION	Ignored schema or applied migration; retain stored history without destructive DDL.	CREATE UNIQUE INDEX IF NOT EXISTS "Subscription_stripeSubscriptionId_key"
backend/prisma/migrations/20260808100000_add_stripe_fields/migration.sql	34	HISTORICAL / DATABASE RETENTION	Ignored schema or applied migration; retain stored history without destructive DDL.	ON "Subscription"("stripeSubscriptionId");
backend/prisma/migrations/20260808100000_add_stripe_fields/migration.sql	36	HISTORICAL / DATABASE RETENTION	Ignored schema or applied migration; retain stored history without destructive DDL.	CREATE INDEX IF NOT EXISTS "Subscription_stripeSubscriptionId_idx"
backend/prisma/migrations/20260808100000_add_stripe_fields/migration.sql	37	HISTORICAL / DATABASE RETENTION	Ignored schema or applied migration; retain stored history without destructive DDL.	ON "Subscription"("stripeSubscriptionId");
backend/prisma/migrations/20260808100000_add_stripe_fields/migration.sql	41	HISTORICAL / DATABASE RETENTION	Ignored schema or applied migration; retain stored history without destructive DDL.	ADD COLUMN IF NOT EXISTS "stripePaymentIntentId"   TEXT,
backend/prisma/migrations/20260808100000_add_stripe_fields/migration.sql	42	HISTORICAL / DATABASE RETENTION	Ignored schema or applied migration; retain stored history without destructive DDL.	ADD COLUMN IF NOT EXISTS "stripeCheckoutSessionId" TEXT,
backend/prisma/migrations/20260808100000_add_stripe_fields/migration.sql	43	HISTORICAL / DATABASE RETENTION	Ignored schema or applied migration; retain stored history without destructive DDL.	ADD COLUMN IF NOT EXISTS "stripeInvoiceId"         TEXT,
backend/prisma/migrations/20260808100000_add_stripe_fields/migration.sql	44	HISTORICAL / DATABASE RETENTION	Ignored schema or applied migration; retain stored history without destructive DDL.	ADD COLUMN IF NOT EXISTS "stripeEventId"           TEXT,
backend/prisma/migrations/20260808100000_add_stripe_fields/migration.sql	45	HISTORICAL / DATABASE RETENTION	Ignored schema or applied migration; retain stored history without destructive DDL.	ADD COLUMN IF NOT EXISTS "stripeRefundId"          TEXT,
backend/prisma/migrations/20260808100000_add_stripe_fields/migration.sql	50	HISTORICAL / DATABASE RETENTION	Ignored schema or applied migration; retain stored history without destructive DDL.	CREATE UNIQUE INDEX IF NOT EXISTS "PaymentTransaction_stripePaymentIntentId_key"
backend/prisma/migrations/20260808100000_add_stripe_fields/migration.sql	51	HISTORICAL / DATABASE RETENTION	Ignored schema or applied migration; retain stored history without destructive DDL.	ON "PaymentTransaction"("stripePaymentIntentId");
backend/prisma/migrations/20260808100000_add_stripe_fields/migration.sql	52	HISTORICAL / DATABASE RETENTION	Ignored schema or applied migration; retain stored history without destructive DDL.	CREATE UNIQUE INDEX IF NOT EXISTS "PaymentTransaction_stripeRefundId_key"
backend/prisma/migrations/20260808100000_add_stripe_fields/migration.sql	53	HISTORICAL / DATABASE RETENTION	Ignored schema or applied migration; retain stored history without destructive DDL.	ON "PaymentTransaction"("stripeRefundId");
backend/prisma/migrations/20260808100000_add_stripe_fields/migration.sql	55	HISTORICAL / DATABASE RETENTION	Ignored schema or applied migration; retain stored history without destructive DDL.	CREATE INDEX IF NOT EXISTS "PaymentTransaction_stripePaymentIntentId_idx"
backend/prisma/migrations/20260808100000_add_stripe_fields/migration.sql	56	HISTORICAL / DATABASE RETENTION	Ignored schema or applied migration; retain stored history without destructive DDL.	ON "PaymentTransaction"("stripePaymentIntentId");
backend/prisma/migrations/20260808100000_add_stripe_fields/migration.sql	57	HISTORICAL / DATABASE RETENTION	Ignored schema or applied migration; retain stored history without destructive DDL.	CREATE INDEX IF NOT EXISTS "PaymentTransaction_stripeEventId_idx"
backend/prisma/migrations/20260808100000_add_stripe_fields/migration.sql	58	HISTORICAL / DATABASE RETENTION	Ignored schema or applied migration; retain stored history without destructive DDL.	ON "PaymentTransaction"("stripeEventId");
backend/prisma/migrations/20260823000000_add_plan_feature_is_enabled/migration.sql	1	HISTORICAL / DATABASE RETENTION	Ignored schema or applied migration; retain stored history without destructive DDL.	-- Add isEnabled column to PlanFeature to support disabled/struck-through features on pricing cards.
backend/prisma/migrations/20260823000000_add_plan_feature_is_enabled/migration.sql	3	HISTORICAL / DATABASE RETENTION	Ignored schema or applied migration; retain stored history without destructive DDL.	ALTER TABLE "PlanFeature" ADD COLUMN "isEnabled" BOOLEAN NOT NULL DEFAULT true;
backend/prisma/migrations/20260823100000_add_payment_methods_to_pricing_plan/migration.sql	1	HISTORICAL / DATABASE RETENTION	Ignored schema or applied migration; retain stored history without destructive DDL.	-- AddColumn: paymentMethods JSON column to PricingPlan
backend/prisma/migrations/20260823100000_add_payment_methods_to_pricing_plan/migration.sql	5	HISTORICAL / DATABASE RETENTION	Ignored schema or applied migration; retain stored history without destructive DDL.	ALTER TABLE "PricingPlan" ADD COLUMN IF NOT EXISTS "paymentMethods" JSONB NOT NULL DEFAULT '[]';
backend/prisma/migrations/20260826000000_add_stripe_webhook_event_log/migration.sql	5	HISTORICAL / DATABASE RETENTION	Ignored schema or applied migration; retain stored history without destructive DDL.	CREATE TABLE "StripeWebhookEvent" (
backend/prisma/migrations/20260826000000_add_stripe_webhook_event_log/migration.sql	7	HISTORICAL / DATABASE RETENTION	Ignored schema or applied migration; retain stored history without destructive DDL.	"stripeEventId" TEXT NOT NULL,
backend/prisma/migrations/20260826000000_add_stripe_webhook_event_log/migration.sql	16	HISTORICAL / DATABASE RETENTION	Ignored schema or applied migration; retain stored history without destructive DDL.	CONSTRAINT "StripeWebhookEvent_pkey" PRIMARY KEY ("id")
backend/prisma/migrations/20260826000000_add_stripe_webhook_event_log/migration.sql	20	HISTORICAL / DATABASE RETENTION	Ignored schema or applied migration; retain stored history without destructive DDL.	CREATE UNIQUE INDEX "StripeWebhookEvent_stripeEventId_key" ON "StripeWebhookEvent"("stripeEventId");
backend/prisma/migrations/20260826000000_add_stripe_webhook_event_log/migration.sql	23	HISTORICAL / DATABASE RETENTION	Ignored schema or applied migration; retain stored history without destructive DDL.	CREATE INDEX "StripeWebhookEvent_type_idx" ON "StripeWebhookEvent"("type");
backend/prisma/migrations/20260826000000_add_stripe_webhook_event_log/migration.sql	26	HISTORICAL / DATABASE RETENTION	Ignored schema or applied migration; retain stored history without destructive DDL.	CREATE INDEX "StripeWebhookEvent_status_idx" ON "StripeWebhookEvent"("status");
backend/prisma/migrations/20260826000000_add_stripe_webhook_event_log/migration.sql	29	HISTORICAL / DATABASE RETENTION	Ignored schema or applied migration; retain stored history without destructive DDL.	CREATE INDEX "StripeWebhookEvent_createdAt_idx" ON "StripeWebhookEvent"("createdAt");
backend/prisma/migrations/20260826100000_add_subscription_seat_downgrade_fields/migration.sql	1	HISTORICAL / DATABASE RETENTION	Ignored schema or applied migration; retain stored history without destructive DDL.	-- AlterTable: Add pending downgrade and seat management fields to Subscription
backend/prisma/migrations/20260826100000_add_subscription_seat_downgrade_fields/migration.sql	2	HISTORICAL / DATABASE RETENTION	Ignored schema or applied migration; retain stored history without destructive DDL.	ALTER TABLE "Subscription" ADD COLUMN "pendingPlanId" TEXT;
backend/prisma/migrations/20260826100000_add_subscription_seat_downgrade_fields/migration.sql	3	HISTORICAL / DATABASE RETENTION	Ignored schema or applied migration; retain stored history without destructive DDL.	ALTER TABLE "Subscription" ADD COLUMN "pendingBillingCycle" TEXT;
backend/prisma/migrations/20260826100000_add_subscription_seat_downgrade_fields/migration.sql	4	HISTORICAL / DATABASE RETENTION	Ignored schema or applied migration; retain stored history without destructive DDL.	ALTER TABLE "Subscription" ADD COLUMN "pendingDowngradeAt" TIMESTAMP(3);
backend/prisma/migrations/20260826100000_add_subscription_seat_downgrade_fields/migration.sql	5	HISTORICAL / DATABASE RETENTION	Ignored schema or applied migration; retain stored history without destructive DDL.	ALTER TABLE "Subscription" ADD COLUMN "additionalSeats" INTEGER NOT NULL DEFAULT 0;
backend/prisma/migrations/20260826100000_add_subscription_seat_downgrade_fields/migration.sql	6	HISTORICAL / DATABASE RETENTION	Ignored schema or applied migration; retain stored history without destructive DDL.	ALTER TABLE "Subscription" ADD COLUMN "stripeAdditionalSeatItemId" TEXT;
backend/prisma/migrations/20260906113428_rename_plantype_free_to_starter/migration.sql	1	HISTORICAL / DATABASE RETENTION	Ignored schema or applied migration; retain stored history without destructive DDL.	-- Migration: rename_plantype_free_to_starter
backend/prisma/migrations/20260906113428_rename_plantype_free_to_starter/migration.sql	2	HISTORICAL / DATABASE RETENTION	Ignored schema or applied migration; retain stored history without destructive DDL.	-- Renames PlanType enum value FREE -> STARTER.
backend/prisma/migrations/20260906113428_rename_plantype_free_to_starter/migration.sql	5	HISTORICAL / DATABASE RETENTION	Ignored schema or applied migration; retain stored history without destructive DDL.	-- All existing rows with planType = 'FREE' become planType = 'STARTER' automatically.
backend/prisma/migrations/20260906113428_rename_plantype_free_to_starter/migration.sql	7	HISTORICAL / DATABASE RETENTION	Ignored schema or applied migration; retain stored history without destructive DDL.	ALTER TYPE "PlanType" RENAME VALUE 'FREE' TO 'STARTER';
backend/prisma/migrations/20260906120000_add_subscription_none_and_owner_user_id/migration.sql	1	HISTORICAL / DATABASE RETENTION	Ignored schema or applied migration; retain stored history without destructive DDL.	-- Migration: add NONE to SubscriptionStatus enum
backend/prisma/migrations/20260906120000_add_subscription_none_and_owner_user_id/migration.sql	7	HISTORICAL / DATABASE RETENTION	Ignored schema or applied migration; retain stored history without destructive DDL.	ALTER TYPE "SubscriptionStatus" ADD VALUE IF NOT EXISTS 'NONE';
backend/prisma/migrations/20260906120001_tenant_owner_and_subscription_defaults/migration.sql	1	HISTORICAL / DATABASE RETENTION	Ignored schema or applied migration; retain stored history without destructive DDL.	-- Migration: tenant_owner_and_subscription_defaults
backend/prisma/migrations/20260906120001_tenant_owner_and_subscription_defaults/migration.sql	8	HISTORICAL / DATABASE RETENTION	Ignored schema or applied migration; retain stored history without destructive DDL.	-- Update default for subscriptionStatus: new tenants start as NONE (no subscription)
backend/prisma/migrations/20260906120001_tenant_owner_and_subscription_defaults/migration.sql	9	HISTORICAL / DATABASE RETENTION	Ignored schema or applied migration; retain stored history without destructive DDL.	ALTER TABLE "Tenant" ALTER COLUMN "subscriptionStatus" SET DEFAULT 'NONE';
backend/prisma/migrations/20260908000000_add_payment_methods_to_remaining_tables/migration.sql	10	HISTORICAL / DATABASE RETENTION	Ignored schema or applied migration; retain stored history without destructive DDL.	-- PricingPlan already has the column from migration
backend/prisma/migrations/20260908000000_add_payment_methods_to_remaining_tables/migration.sql	11	HISTORICAL / DATABASE RETENTION	Ignored schema or applied migration; retain stored history without destructive DDL.	-- 20260823100000_add_payment_methods_to_pricing_plan.
backend/prisma/migrations/20260911000001_fix_role_defaults_and_backfill/migration.sql	13	HISTORICAL / DATABASE RETENTION	Ignored schema or applied migration; retain stored history without destructive DDL.	--      - 'Restricted User'  → 'Guest'       (renamed sandbox/pre-subscription role)
backend/prisma/migrations/20260911000002_guest_free_plan_crud/migration.sql	16	HISTORICAL / DATABASE RETENTION	Ignored schema or applied migration; retain stored history without destructive DDL.	--      tenants that have no subscription and no limits configured yet.
backend/prisma/migrations/20260911000002_guest_free_plan_crud/migration.sql	66	HISTORICAL / DATABASE RETENTION	Ignored schema or applied migration; retain stored history without destructive DDL.	-- Only touch tenants still in the sandbox/pre-subscription state with no limits set.
backend/prisma/migrations/20260911000002_guest_free_plan_crud/migration.sql	70	HISTORICAL / DATABASE RETENTION	Ignored schema or applied migration; retain stored history without destructive DDL.	AND  "subscriptionStatus" = 'NONE'
backend/prisma/migrations/20260911000002_guest_free_plan_crud/migration.sql	76	HISTORICAL / DATABASE RETENTION	Ignored schema or applied migration; retain stored history without destructive DDL.	AND  "subscriptionStatus" = 'NONE'
backend/prisma/migrations/20260912135215_tenant_document_key_prerequisite/migration.sql	3	HISTORICAL / DATABASE RETENTION	Ignored schema or applied migration; retain stored history without destructive DDL.	-- prerequisite additively; already-upgraded databases retain their values.
backend/prisma/migrations/20260912135215_tenant_document_key_prerequisite/migration.sql	10	HISTORICAL / DATABASE RETENTION	Ignored schema or applied migration; retain stored history without destructive DDL.	-- Refuse upgrades with legacy data: those require an explicit data migration.
backend/prisma/migrations/20261000000000_add_business_verification/migration.sql	3	HISTORICAL / DATABASE RETENTION	Ignored schema or applied migration; retain stored history without destructive DDL.	-- for structured document upload during the subscription verification flow.
backend/prisma/schema.prisma	28	HISTORICAL / DATABASE RETENTION	Ignored schema or applied migration; retain stored history without destructive DDL.	enum SubscriptionStatus {
backend/prisma/schema.prisma	29	HISTORICAL / DATABASE RETENTION	Ignored schema or applied migration; retain stored history without destructive DDL.	NONE       // pre-subscription / unsubscribed state (new registrations start here)
backend/prisma/schema.prisma	30	HISTORICAL / DATABASE RETENTION	Ignored schema or applied migration; retain stored history without destructive DDL.	TRIAL
backend/prisma/schema.prisma	37	HISTORICAL / DATABASE RETENTION	Ignored schema or applied migration; retain stored history without destructive DDL.	enum PlanType {
backend/prisma/schema.prisma	131	HISTORICAL / DATABASE RETENTION	Ignored schema or applied migration; retain stored history without destructive DDL.	// PRICING PLAN (global G�� not tenant-scoped)
backend/prisma/schema.prisma	132	HISTORICAL / DATABASE RETENTION	Ignored schema or applied migration; retain stored history without destructive DDL.	// Managed by SystemAdmin, consumed by Subscription
backend/prisma/schema.prisma	135	HISTORICAL / DATABASE RETENTION	Ignored schema or applied migration; retain stored history without destructive DDL.	model PricingPlan {
backend/prisma/schema.prisma	138	HISTORICAL / DATABASE RETENTION	Ignored schema or applied migration; retain stored history without destructive DDL.	planType               PlanType
backend/prisma/schema.prisma	149	HISTORICAL / DATABASE RETENTION	Ignored schema or applied migration; retain stored history without destructive DDL.	// -- Stripe --------------------------------------------------------
backend/prisma/schema.prisma	150	HISTORICAL / DATABASE RETENTION	Ignored schema or applied migration; retain stored history without destructive DDL.	stripeProductId        String?  @unique // prod_xxx � one Product per plan
backend/prisma/schema.prisma	151	HISTORICAL / DATABASE RETENTION	Ignored schema or applied migration; retain stored history without destructive DDL.	stripeMonthlyPriceId   String?  @unique // price_xxx for monthly billing
backend/prisma/schema.prisma	152	HISTORICAL / DATABASE RETENTION	Ignored schema or applied migration; retain stored history without destructive DDL.	stripeQuarterlyPriceId String?  @unique // price_xxx for quarterly billing
backend/prisma/schema.prisma	153	HISTORICAL / DATABASE RETENTION	Ignored schema or applied migration; retain stored history without destructive DDL.	stripeAnnualPriceId    String?  @unique // price_xxx for annual billing
backend/prisma/schema.prisma	157	HISTORICAL / DATABASE RETENTION	Ignored schema or applied migration; retain stored history without destructive DDL.	features      PlanFeature[]
backend/prisma/schema.prisma	158	HISTORICAL / DATABASE RETENTION	Ignored schema or applied migration; retain stored history without destructive DDL.	subscriptions Subscription[]
backend/prisma/schema.prisma	166	HISTORICAL / DATABASE RETENTION	Ignored schema or applied migration; retain stored history without destructive DDL.	model PlanFeature {
backend/prisma/schema.prisma	168	HISTORICAL / DATABASE RETENTION	Ignored schema or applied migration; retain stored history without destructive DDL.	planId      String
backend/prisma/schema.prisma	171	HISTORICAL / DATABASE RETENTION	Ignored schema or applied migration; retain stored history without destructive DDL.	isEnabled   Boolean @default(true) // false = feature shown as disabled/struck-through on pricing card
backend/prisma/schema.prisma	173	HISTORICAL / DATABASE RETENTION	Ignored schema or applied migration; retain stored history without destructive DDL.	plan PricingPlan @relation(fields: [planId], references: [id], onDelete: Cascade)
backend/prisma/schema.prisma	175	HISTORICAL / DATABASE RETENTION	Ignored schema or applied migration; retain stored history without destructive DDL.	@@index([planId])
backend/prisma/schema.prisma	181	HISTORICAL / DATABASE RETENTION	Ignored schema or applied migration; retain stored history without destructive DDL.	// plan/subscriptionStatus are denormalized caches for fast plan-gating.
backend/prisma/schema.prisma	182	HISTORICAL / DATABASE RETENTION	Ignored schema or applied migration; retain stored history without destructive DDL.	// Subscription is the authoritative billing source.
backend/prisma/schema.prisma	196	HISTORICAL / DATABASE RETENTION	Ignored schema or applied migration; retain stored history without destructive DDL.	subscriptionStatus SubscriptionStatus @default(NONE) @ignore
backend/prisma/schema.prisma	197	HISTORICAL / DATABASE RETENTION	Ignored schema or applied migration; retain stored history without destructive DDL.	plan               PlanType? @ignore // denorm cache � source of truth = Subscription; null when no active subscription
backend/prisma/schema.prisma	198	HISTORICAL / DATABASE RETENTION	Ignored schema or applied migration; retain stored history without destructive DDL.	trialEndsAt        DateTime? @ignore
backend/prisma/schema.prisma	199	HISTORICAL / DATABASE RETENTION	Ignored schema or applied migration; retain stored history without destructive DDL.	subscriptionEndsAt DateTime? @ignore
backend/prisma/schema.prisma	212	HISTORICAL / DATABASE RETENTION	Ignored schema or applied migration; retain stored history without destructive DDL.	// -- Stripe --------------------------------------------------------
backend/prisma/schema.prisma	213	HISTORICAL / DATABASE RETENTION	Ignored schema or applied migration; retain stored history without destructive DDL.	stripeCustomerId   String?            @unique @ignore // cus_xxx � one customer per tenant
backend/prisma/schema.prisma	223	HISTORICAL / DATABASE RETENTION	Ignored schema or applied migration; retain stored history without destructive DDL.	subscriptions      Subscription[] @ignore
backend/prisma/schema.prisma	269	HISTORICAL / DATABASE RETENTION	Ignored schema or applied migration; retain stored history without destructive DDL.	// SUBSCRIPTION (billing source of truth)
backend/prisma/schema.prisma	272	HISTORICAL / DATABASE RETENTION	Ignored schema or applied migration; retain stored history without destructive DDL.	model Subscription {
backend/prisma/schema.prisma	275	HISTORICAL / DATABASE RETENTION	Ignored schema or applied migration; retain stored history without destructive DDL.	planId                  String
backend/prisma/schema.prisma	277	HISTORICAL / DATABASE RETENTION	Ignored schema or applied migration; retain stored history without destructive DDL.	status                  SubscriptionStatus @default(TRIAL)
backend/prisma/schema.prisma	283	HISTORICAL / DATABASE RETENTION	Ignored schema or applied migration; retain stored history without destructive DDL.	// -- Pending Downgrade ─────────────────────────────────────────────
backend/prisma/schema.prisma	284	HISTORICAL / DATABASE RETENTION	Ignored schema or applied migration; retain stored history without destructive DDL.	pendingPlanId           String?            // Plan ID to switch to at period end
backend/prisma/schema.prisma	285	HISTORICAL / DATABASE RETENTION	Ignored schema or applied migration; retain stored history without destructive DDL.	pendingBillingCycle     String?            // Target billing cycle for downgrade
backend/prisma/schema.prisma	286	HISTORICAL / DATABASE RETENTION	Ignored schema or applied migration; retain stored history without destructive DDL.	pendingDowngradeAt      DateTime?          // When the downgrade takes effect
backend/prisma/schema.prisma	289	HISTORICAL / DATABASE RETENTION	Ignored schema or applied migration; retain stored history without destructive DDL.	stripeAdditionalSeatItemId   String?   // si_xxx — Stripe subscription item for seats
backend/prisma/schema.prisma	290	HISTORICAL / DATABASE RETENTION	Ignored schema or applied migration; retain stored history without destructive DDL.	// -- Stripe --------------------------------------------------------
backend/prisma/schema.prisma	291	HISTORICAL / DATABASE RETENTION	Ignored schema or applied migration; retain stored history without destructive DDL.	stripeSubscriptionId    String?            @unique // sub_xxx
backend/prisma/schema.prisma	292	HISTORICAL / DATABASE RETENTION	Ignored schema or applied migration; retain stored history without destructive DDL.	stripeCheckoutSessionId String? // cs_xxx � transient, kept for audit trail
backend/prisma/schema.prisma	297	HISTORICAL / DATABASE RETENTION	Ignored schema or applied migration; retain stored history without destructive DDL.	plan     PricingPlan @relation(fields: [planId], references: [id])
backend/prisma/schema.prisma	301	HISTORICAL / DATABASE RETENTION	Ignored schema or applied migration; retain stored history without destructive DDL.	@@index([stripeSubscriptionId])
backend/prisma/schema.prisma	829	HISTORICAL / DATABASE RETENTION	Ignored schema or applied migration; retain stored history without destructive DDL.	templateKey String? // identifies seeded templates for upgrades (e.g. "sales-inquiries")
backend/prisma/schema.prisma	1415	HISTORICAL / DATABASE RETENTION	Ignored schema or applied migration; retain stored history without destructive DDL.	// Invoice now links to Subscription for billing-driven invoices
backend/prisma/schema.prisma	1421	HISTORICAL / DATABASE RETENTION	Ignored schema or applied migration; retain stored history without destructive DDL.	subscriptionId  String? @ignore // link to Subscription for recurring billing invoices
backend/prisma/schema.prisma	1446	HISTORICAL / DATABASE RETENTION	Ignored schema or applied migration; retain stored history without destructive DDL.	subscription Subscription?        @relation(fields: [subscriptionId], references: [id], onDelete: SetNull) @ignore
backend/prisma/schema.prisma	1471	HISTORICAL / DATABASE RETENTION	Ignored schema or applied migration; retain stored history without destructive DDL.	paymentMethod           String? // card|gcash|maya|bank_transfer|stripe (denorm for quick display)
backend/prisma/schema.prisma	1475	HISTORICAL / DATABASE RETENTION	Ignored schema or applied migration; retain stored history without destructive DDL.	// -- Stripe --------------------------------------------------------
backend/prisma/schema.prisma	1476	HISTORICAL / DATABASE RETENTION	Ignored schema or applied migration; retain stored history without destructive DDL.	stripePaymentIntentId   String?   @unique @ignore // pi_xxx
backend/prisma/schema.prisma	1477	HISTORICAL / DATABASE RETENTION	Ignored schema or applied migration; retain stored history without destructive DDL.	stripeCheckoutSessionId String? @ignore // cs_xxx � checkout origin
backend/prisma/schema.prisma	1478	HISTORICAL / DATABASE RETENTION	Ignored schema or applied migration; retain stored history without destructive DDL.	stripeInvoiceId         String? @ignore // in_xxx � for subscription invoices
backend/prisma/schema.prisma	1479	HISTORICAL / DATABASE RETENTION	Ignored schema or applied migration; retain stored history without destructive DDL.	stripeEventId           String? @ignore // evt_xxx � webhook event that created this record (idempotency)
backend/prisma/schema.prisma	1482	HISTORICAL / DATABASE RETENTION	Ignored schema or applied migration; retain stored history without destructive DDL.	stripeRefundId          String?   @unique @ignore // re_xxx
backend/prisma/schema.prisma	1493	HISTORICAL / DATABASE RETENTION	Ignored schema or applied migration; retain stored history without destructive DDL.	@@index([stripePaymentIntentId])
backend/prisma/schema.prisma	1494	HISTORICAL / DATABASE RETENTION	Ignored schema or applied migration; retain stored history without destructive DDL.	@@index([stripeEventId])
backend/prisma/schema.prisma	1920	HISTORICAL / DATABASE RETENTION	Ignored schema or applied migration; retain stored history without destructive DDL.	// STRIPE WEBHOOK EVENT LOG
backend/prisma/schema.prisma	1921	HISTORICAL / DATABASE RETENTION	Ignored schema or applied migration; retain stored history without destructive DDL.	// Stores every inbound Stripe webhook for idempotency, debugging, and replay.
backend/prisma/schema.prisma	1925	HISTORICAL / DATABASE RETENTION	Ignored schema or applied migration; retain stored history without destructive DDL.	model StripeWebhookEvent {
backend/prisma/schema.prisma	1927	HISTORICAL / DATABASE RETENTION	Ignored schema or applied migration; retain stored history without destructive DDL.	stripeEventId String             @unique // evt_xxx — Stripe's unique event ID
backend/prisma/schema.prisma	1928	HISTORICAL / DATABASE RETENTION	Ignored schema or applied migration; retain stored history without destructive DDL.	type          String             // e.g. "checkout.session.completed"
backend/prisma/schema.prisma	1929	HISTORICAL / DATABASE RETENTION	Ignored schema or applied migration; retain stored history without destructive DDL.	payload       Json               // Full event object from Stripe
backend/src/api/middleware/__tests__/workspace-ready.test.ts	12	ACTIVE AND REQUIRED	Regression assertion preventing retired access rules.	it('permits a completed Sales workspace independently of paid subscription status', () => {
backend/src/api/routes/__tests__/internal-portal.routes.test.ts	18	ACTIVE AND REQUIRED	Regression assertion preventing retired access rules.	expect(paths(adminRoutes).filter(path => /billing|plans|activate-subscription|stripe/.test(path))).toEqual([]);
backend/src/api/routes/__tests__/internal-portal.routes.test.ts	24	ACTIVE AND REQUIRED	Regression assertion preventing retired access rules.	expect(enabled.filter(path => /subscription|verification|plans|seats|portal-session/.test(path))).toEqual([]);
backend/src/database/seeders/demo-full.seed.ts	105	UNRELATED BUSINESS TERMINOLOGY	Customer products, renewal campaigns, quotations or equipment upgrades; no access gate.	{ id: 'df-t-8', tenantId: tId, assignedUserId: aId, assignedById: aId, title: 'Send add-on pricing — Antigravity', status: 'in-progress', priority: 'Medium', dueDate: new Date(Date.now() + 3 * 86400000), contactId: contacts[6].id, dealId: deals[6].id },
backend/src/database/seeders/demo-full.seed.ts	115	UNRELATED BUSINESS TERMINOLOGY	Customer products, renewal campaigns, quotations or equipment upgrades; no access gate.	{ id: 'df-a-2', tenantId: tId, createdById: aId, type: 'email',        title: 'Proposal sent to Marco Dela Cruz',          description: 'Sent CRM Pro pricing proposal.',                          contactId: contacts[1].id, dealId: deals[1].id },
backend/src/database/seeders/demo-full.seed.ts	133	UNRELATED BUSINESS TERMINOLOGY	Customer products, renewal campaigns, quotations or equipment upgrades; no access gate.	{ id: 'df-tpl-4', tenantId: tId, name: 'Renewal Reminder',         type: 'Email', category: 'Retention',   subject: 'Your subscription is up for renewal', content: 'Hi {{firstName}}, your subscription renews on {{renewalDate}}...' },
backend/src/database/seeders/demo-full.seed.ts	135	UNRELATED BUSINESS TERMINOLOGY	Customer products, renewal campaigns, quotations or equipment upgrades; no access gate.	{ id: 'df-tpl-6', tenantId: tId, name: 'Win-Back Campaign',        type: 'Email', category: 'Re-engagement', subject: 'We have something special for you', content: 'Hi {{firstName}}, we noticed your subscription lapsed...' },
backend/src/database/seeders/reymark.seed.ts	142	UNRELATED BUSINESS TERMINOLOGY	Customer products, renewal campaigns, quotations or equipment upgrades; no access gate.	{ tenantId: TENANT_ID, createdById: USER_ID, type: 'email',        title: 'Proposal sent to Marco Dela Cruz',     description: 'Sent CRM Pro pricing proposal.',                        customerId: contacts[1].id, dealId: deals[1].id },
data/outputs/LeadCRM_KIRO_Architecture_Audit.md	46	HISTORICAL / DATABASE RETENTION	Explicitly historical project record; current access guidance supersedes it.	| `Tenant` | `subscriptionStatus`, `trialEndsAt`, `subscriptionEndsAt`, `maxUsers`, `maxContacts`, `maxDeals` |
data/outputs/LeadCRM_KIRO_Architecture_Audit.md	85	HISTORICAL / DATABASE RETENTION	Explicitly historical project record; current access guidance supersedes it.	- `admin.seed.ts` — returns Tenant for downstream seeders, uses new `subscriptionStatus` field
docs/API.md	54	ACTIVE AND REQUIRED	Current retirement/access documentation or unrelated technical upgrade note.	Public signup, Google sign-in, OTP, verification, company setup, and step-progression routes are not registered. System Admin provisioning uses /admin/tenants with no plan selection. SaaS billing, seat, document-verification, pricing, checkout, and payment-method APIs are retired. Customer invoice APIs under /billing/invoices remain tenant-scoped and permission-protected.
docs/API.md	220	ACTIVE AND REQUIRED	Current retirement/access documentation or unrelated technical upgrade note.	Pricing, subscription activation, business verification, and Stripe webhooks are removed. See [internal CRM cleanup](internal-crm-cleanup.md).
docs/REGISTRATION-ONBOARDING-FLOW.md	1	HISTORICAL / DATABASE RETENTION	Explicitly historical project record; current access guidance supersedes it.	> Historical design: superseded by [the current authentication and role model](authentication.md). The registration/subscription flows below are not active.
docs/REGISTRATION-ONBOARDING-FLOW.md	65	HISTORICAL / DATABASE RETENTION	Explicitly historical project record; current access guidance supersedes it.	Two methods available (Stripe-style: both in same email):
docs/authentication.md	16	ACTIVE AND REQUIRED	Current retirement/access documentation or unrelated technical upgrade note.	System Admin provisioning uses POST /admin/tenants. It creates an active Client Admin, initializes the existing roles and default pipeline, and accepts an administrator-supplied temporary password. No subscription, checkout, pricing plan, or sample CRM data is created.
docs/business-analysis.md	22	HISTORICAL / DATABASE RETENTION	Explicitly historical project record; current access guidance supersedes it.	1. The system **MAY NOT** auto-upgrade the Lead status to "Customer".
docs/business-analysis.md	24	HISTORICAL / DATABASE RETENTION	Explicitly historical project record; current access guidance supersedes it.	- **Stage Movement Integrity (Stage Validation Rules)**: REQ089 specifies that forms and fields must be validated before moving stages. The business must define exactly which attributes are mandatory for each stage (e.g., moving to "Quotation Sent" requires a non-zero estimation value and a completed quote record; moving to "Approved" requires a signed contract date).
docs/business-analysis.md	26	HISTORICAL / DATABASE RETENTION	Explicitly historical project record; current access guidance supersedes it.	- **SaaS Subscription Hold Protocols**: If a tenant's subscription expires or lapses, what read-write constraints occur? (e.g., transition client to read-only sandbox mode, 14-day grace period, or complete lockout).
docs/business-analysis.md	32	HISTORICAL / DATABASE RETENTION	Explicitly historical project record; current access guidance supersedes it.	- **Owner / Tenant Executive**: To perform billing integrations, modify subscription licenses, handle legal exports, and authorize DPA audits.
docs/business-analysis.md	59	HISTORICAL / DATABASE RETENTION	Explicitly historical project record; current access guidance supersedes it.	- **Tenant Billing Tier Limits**: Features capping constraints per subscription plan:
docs/business-analysis.md	63	HISTORICAL / DATABASE RETENTION	Explicitly historical project record; current access guidance supersedes it.	- **PayMongo Integration Gateway**: Callback URL handling and subscription state maps.
docs/business-analysis.md	83	HISTORICAL / DATABASE RETENTION	Explicitly historical project record; current access guidance supersedes it.	3. **Sandbox Purging Timer**: What is the designated absolute lifetime for requested sandbox tenants? Can they upgrade automatically to production from the Admin Console?
docs/business-analysis.md	108	HISTORICAL / DATABASE RETENTION	Explicitly historical project record; current access guidance supersedes it.	- **FR_BILL_01**: PayMongo interface parsing billing logs, plans, and subscription states.
docs/business-analysis.md	128	HISTORICAL / DATABASE RETENTION	Explicitly historical project record; current access guidance supersedes it.	planType: 'Starter' | 'Professional' | 'Enterprise';
docs/business-analysis.md	208	HISTORICAL / DATABASE RETENTION	Explicitly historical project record; current access guidance supersedes it.	- `/api/billing/paymongo/webhook` (`POST`): Monitors subscription status from PayMongo core gateways.
docs/business-analysis.md	225	HISTORICAL / DATABASE RETENTION	Explicitly historical project record; current access guidance supersedes it.	- **Phase A**: Auth OTP upgrades & Multi-pipeline layouts integration (Technical Support, Implementation, After-Sales).
docs/capstone-documentation.md	1	HISTORICAL / DATABASE RETENTION	Explicitly historical project record; current access guidance supersedes it.	> Historical design: superseded by [the current authentication and role model](authentication.md). The registration/subscription flows below are not active.
docs/capstone-documentation.md	108	HISTORICAL / DATABASE RETENTION	Explicitly historical project record; current access guidance supersedes it.	Currently, the company records customer leads and transaction details using Google Spreadsheets. These processes are often handled across separate platforms, services, or applications. The fragmentation of customer data across multiple environments creates inefficiencies, as employees frequently switch between applications to view customer data, verify customer information, review the history of negotiations, and determine the current status of ongoing transactions. Although this method allows basic documentation of client information, it relies heavily on manual data entry and is prone to human error. Another problem is tracking the complete history of transactions with specific clients because when a customer purchases additional services or products, the previous status in the spreadsheet may be overwritten during updates. As a result, the company has difficulty maintaining a complete record of past interactions, service requests, quotations, and completed projects with returning clients.
docs/capstone-documentation.md	118	HISTORICAL / DATABASE RETENTION	Explicitly historical project record; current access guidance supersedes it.	LeadCRM is developed and offered as a SaaS-based platform. This approach reduces the risk of companies operating on outdated software and instead provides businesses access to the latest version of the system through flexible subscription plans, including monthly, quarterly, and annual options. The responsibility for maintenance of LeadCRM lies solely with the System Administrators rather than the end users, which eliminates the need for businesses to hire a specialized team to manage the platform.
docs/capstone-documentation.md	132	HISTORICAL / DATABASE RETENTION	Explicitly historical project record; current access guidance supersedes it.	At the platform level, System Administrators are responsible for maintaining and managing LeadCRM across all client organizations. These administrators oversee current clients, evaluate application submissions including basic client details and business requirements, and have the authority to activate or deactivate client subscriptions to ensure controlled access. System Administrators are also responsible for configuring payment and subscription plans, as well as managing client billing and payments. System Administrators are provided a dashboard where metrics and statistics of LeadCRM and existing clients are displayed, enabling efficient monitoring of the platform and its users.
docs/capstone-documentation.md	176	HISTORICAL / DATABASE RETENTION	Explicitly historical project record; current access guidance supersedes it.	- Pricing Management Module
docs/capstone-documentation.md	191	HISTORICAL / DATABASE RETENTION	Explicitly historical project record; current access guidance supersedes it.	- The system has a simple landing page that focuses on presenting basic information about the platform such as its features, benefits, pricing plans, and user authentication functions.
docs/capstone-documentation.md	218	HISTORICAL / DATABASE RETENTION	Explicitly historical project record; current access guidance supersedes it.	Regarding deployment, SaaS has brought about significant changes to system delivery. According to Oracle (2026), SaaS is a cloud-based software delivery model in which the provider develops and maintains cloud application software and offers access over the internet on a pay-as-you-go basis. Gurbuz (2024) emphasized that cloud-based CRM allows SMEs to use the same advanced technologies as larger companies, but at a much lower price. Similarly, Sareddy (2023) stated that cloud-based CRM systems offer businesses unrivaled scalability, flexibility, and cost-effectiveness by eliminating the need to invest in hardware and following subscription-based pricing models.
docs/capstone-documentation.md	250	HISTORICAL / DATABASE RETENTION	Explicitly historical project record; current access guidance supersedes it.	Zoho CRM is a CRM system that presents itself as an alternative to more complex enterprise CRM platforms. Compared to its competitors, Zoho CRM features a user-friendly interface and a customer-centric business approach that prioritizes user needs and flexibility. Zoho offers a month-to-month subscription without hidden costs and provides mobile accessibility. A distinguishing feature of Zoho is its high degree of customizability, allowing businesses to integrate their own modules and business logic. The platform also offers automation in sales workflows, efficient data migration tools, and integration with more than 40 business applications (Zoho, 2026).
docs/capstone-documentation.md	294	HISTORICAL / DATABASE RETENTION	Explicitly historical project record; current access guidance supersedes it.	Aligned with the best practices found in these established CRMs, LeadCRM has adapted a centralized platform approach to data collection and management, allowing Camxian Technologies to move away from its fragmented Google Spreadsheets approach toward a single source of truth. LeadCRM stores all customer interaction data and history in one system, eliminating the need to switch between applications. While following the same foundational features as HubSpot and Zoho, LeadCRM also offers a distinct advantage by addressing the specific functional needs of businesses like Camxian Technologies. Whereas HubSpot and Zoho focus on broad integrations, LeadCRM emphasizes customization of modules such as the Deals module, where Client Administrators and authorized users can modify pipelines by adding, removing, or restructuring stages to align with current business processes. LeadCRM also includes built-in batch emailing and SMS capabilities — features that are either unavailable or restricted behind paid tiers in competing platforms — presenting them as core features accessible at the base subscription level.
docs/capstone-documentation.md	338	HISTORICAL / DATABASE RETENTION	Explicitly historical project record; current access guidance supersedes it.	**Gmail API** is used for all outgoing and incoming email through Google's email service. **PayMongo** serves as the payment gateway for secure online subscription payments within the system.
docs/capstone-documentation.md	403	HISTORICAL / DATABASE RETENTION	Explicitly historical project record; current access guidance supersedes it.	│   │   ├── pricing/page.tsx
docs/capstone-documentation.md	437	HISTORICAL / DATABASE RETENTION	Explicitly historical project record; current access guidance supersedes it.	│       ├── pricing/
docs/capstone-documentation.md	631	HISTORICAL / DATABASE RETENTION	Explicitly historical project record; current access guidance supersedes it.	| PayMongo | 1.13.9 | Payment gateway for subscriptions |
docs/capstone-documentation.md	643	HISTORICAL / DATABASE RETENTION	Explicitly historical project record; current access guidance supersedes it.	Since LeadCRM is a SaaS platform, the system will be hosted in a cloud-based environment. By deploying LeadCRM as a PWA, the platform becomes accessible on any device with a web browser. Access is acquired through a subscription-based model. The expected deployment is scheduled for November 2026.
docs/capstone-documentation.md	660	HISTORICAL / DATABASE RETENTION	Explicitly historical project record; current access guidance supersedes it.	- **REQ006:** The guest shall be able to upgrade the account from sandbox to production by submitting required documents and completing payment.
docs/capstone-documentation.md	720	HISTORICAL / DATABASE RETENTION	Explicitly historical project record; current access guidance supersedes it.	- **REQ045:** The Client Administrator and/or users with an assigned role shall be able to view account details and the current subscription plan.
docs/capstone-documentation.md	721	HISTORICAL / DATABASE RETENTION	Explicitly historical project record; current access guidance supersedes it.	- **REQ046:** The Client Administrator and/or users with an assigned role shall be able to upgrade the current plan and complete payment through a payment gateway.
docs/capstone-documentation.md	722	HISTORICAL / DATABASE RETENTION	Explicitly historical project record; current access guidance supersedes it.	- **REQ047:** The Client Administrator and/or users with an assigned role shall have the ability to modify the subscription plan's billing cycle.
docs/capstone-documentation.md	740	HISTORICAL / DATABASE RETENTION	Explicitly historical project record; current access guidance supersedes it.	**Pricing Management Module**
docs/capstone-documentation.md	742	HISTORICAL / DATABASE RETENTION	Explicitly historical project record; current access guidance supersedes it.	- **REQ058:** The System Administrator shall be able to view all pricing plans for monthly, quarterly, and annual cycles.
docs/capstone-documentation.md	743	HISTORICAL / DATABASE RETENTION	Explicitly historical project record; current access guidance supersedes it.	- **REQ059:** The System Administrator shall be able to modify pricing plans, including plan details, features, pricing, and payment options.
docs/capstone-documentation.md	857	HISTORICAL / DATABASE RETENTION	Explicitly historical project record; current access guidance supersedes it.	The dashboard provides the Client Administrator with an overview of the organization's performance, displaying metrics such as total revenue with growth percentage, total active deals, total contacts with new additions, and the lead-to-pipeline conversion rate. The dashboard also provides visual analytics showing monthly performance, distribution of leads by stage, and revenue progression over time. A banner at the top provides an option to upgrade from sandbox to production. A banner at the bottom allows users to install the application to their device's home screen.
docs/capstone-documentation.md	881	HISTORICAL / DATABASE RETENTION	Explicitly historical project record; current access guidance supersedes it.	The Account Details tab displays the account information and current subscription plan. The Client Administrator can manage the plan, upgrade the subscription, and complete payment through the payment gateway. The Billing and Payments tab displays current balance, next billing date, payment status, billing history, invoices, payment methods, and recent transactions.
docs/capstone-documentation.md	895	HISTORICAL / DATABASE RETENTION	Explicitly historical project record; current access guidance supersedes it.	**Figure 18. LeadCRM System Administrator's Pricing Module**
docs/capstone-documentation.md	897	HISTORICAL / DATABASE RETENTION	Explicitly historical project record; current access guidance supersedes it.	The System Administrator can configure and manage pricing plans for monthly, quarterly, and annual billing cycles. Each plan can be modified through an "Edit Pricing Plan" modal where plan details, pricing, features, and payment methods can be updated.
docs/crm-environments.md	3	ACTIVE AND REQUIRED	Current retirement/access documentation or unrelated technical upgrade note.	Tenant CRM users share the existing `CrmLayout` / `Topbar`, `AuthContext`, database-backed session validation, and role-permission evaluation. System Admin uses the separate platform layout. The old `Environment` model records resource-monitoring snapshots; legacy `Tenant.status = SANDBOX` describes account/subscription history. Neither is a CRM dataset boundary.
docs/crm-environments.md	33	ACTIVE AND REQUIRED	Current retirement/access documentation or unrelated technical upgrade note.	Existing records have no trustworthy per-record environment marker. The migration deliberately keeps **all existing operational records in Live**, regardless of legacy tenant subscription status. Historical CRM audit events follow them. Existing users initially select Sandbox, so their first CRM view may be empty; switching to Live reveals the preserved records. This is a dataset-preservation policy, not a claim that every historical row is real production data. No records are copied or deleted.
docs/crm-redesign-validated.md	188	ACTIVE AND REQUIRED	Current retirement/access documentation or unrelated technical upgrade note.	templateKey String?   // identifies seeded templates for upgrades
docs/database/ERD-SUMMARY.md	24	HISTORICAL / DATABASE RETENTION	Explicitly historical project record; current access guidance supersedes it.	| `SystemAdmin` | Cross-tenant LeadCRM operators — manages tenants, pricing, approvals |
docs/database/ERD-SUMMARY.md	25	HISTORICAL / DATABASE RETENTION	Explicitly historical project record; current access guidance supersedes it.	| `PricingPlan` | Global plan catalog (Free / Pro / Enterprise) |
docs/database/ERD-SUMMARY.md	26	HISTORICAL / DATABASE RETENTION	Explicitly historical project record; current access guidance supersedes it.	| `PlanFeature` | Feature list per pricing plan |
docs/database/ERD-SUMMARY.md	32	HISTORICAL / DATABASE RETENTION	Explicitly historical project record; current access guidance supersedes it.	| `Subscription` | Billing source of truth — plan, billingCycle, status, amount |
docs/database/ERD-SUMMARY.md	91	HISTORICAL / DATABASE RETENTION	Explicitly historical project record; current access guidance supersedes it.	| `Invoice` | Billing document linked to deal, contact, or subscription |
docs/database/ERD-SUMMARY.md	105	HISTORICAL / DATABASE RETENTION	Explicitly historical project record; current access guidance supersedes it.	2. `PricingPlan` — global plan catalog with monthly/quarterly/annual pricing
docs/database/ERD-SUMMARY.md	106	HISTORICAL / DATABASE RETENTION	Explicitly historical project record; current access guidance supersedes it.	3. `PlanFeature` — features list per plan
docs/database/ERD-SUMMARY.md	107	HISTORICAL / DATABASE RETENTION	Explicitly historical project record; current access guidance supersedes it.	4. `Subscription` — billing lifecycle source of truth
docs/database/ERD-SUMMARY.md	122	HISTORICAL / DATABASE RETENTION	Explicitly historical project record; current access guidance supersedes it.	- `Invoice` — added `subscriptionId FK`
docs/database/ERD-SUMMARY.md	175	HISTORICAL / DATABASE RETENTION	Explicitly historical project record; current access guidance supersedes it.	└→ Invoice created with subscriptionId if billing active
docs/database/ERD-SUMMARY.md	188	HISTORICAL / DATABASE RETENTION	Explicitly historical project record; current access guidance supersedes it.	2. **Seed `PricingPlan` + `PlanFeature`** — Free / Pro / Enterprise tiers
docs/database/erd.html	200	HISTORICAL / DATABASE RETENTION	Explicitly historical project record; current access guidance supersedes it.	<!-- PRICING PLAN -->
docs/database/erd.html	201	HISTORICAL / DATABASE RETENTION	Explicitly historical project record; current access guidance supersedes it.	<div class="ecard indb" id="e-pricingplan" style="left:20px;top:80px;min-width:210px">
docs/database/erd.html	202	HISTORICAL / DATABASE RETENTION	Explicitly historical project record; current access guidance supersedes it.	<div class="ehead">💰 PricingPlan <span class="badge b-db" style="font-size:.6rem">DB</span></div>
docs/database/erd.html	206	HISTORICAL / DATABASE RETENTION	Explicitly historical project record; current access guidance supersedes it.	<div class="field req">planType <span class="ftype">FREE|PRO|ENTERPRISE</span></div>
docs/database/erd.html	218	HISTORICAL / DATABASE RETENTION	Explicitly historical project record; current access guidance supersedes it.	<div class="ecard indb" id="e-planfeature" style="left:20px;top:360px;min-width:200px">
docs/database/erd.html	219	HISTORICAL / DATABASE RETENTION	Explicitly historical project record; current access guidance supersedes it.	<div class="ehead">🏷️ PlanFeature <span class="badge b-db" style="font-size:.6rem">DB</span></div>
docs/database/erd.html	222	HISTORICAL / DATABASE RETENTION	Explicitly historical project record; current access guidance supersedes it.	<div class="field fk">🔗 planId <span class="ftype">FK→PricingPlan</span></div>
docs/database/erd.html	239	HISTORICAL / DATABASE RETENTION	Explicitly historical project record; current access guidance supersedes it.	<div class="field req">subscriptionStatus <span class="ftype">TRIAL|ACTIVE|PAST_DUE|...</span></div>
docs/database/erd.html	252	HISTORICAL / DATABASE RETENTION	Explicitly historical project record; current access guidance supersedes it.	<!-- SUBSCRIPTION -->
docs/database/erd.html	253	HISTORICAL / DATABASE RETENTION	Explicitly historical project record; current access guidance supersedes it.	<div class="ecard indb" id="e-subscription" style="left:20px;top:560px;min-width:215px">
docs/database/erd.html	254	HISTORICAL / DATABASE RETENTION	Explicitly historical project record; current access guidance supersedes it.	<div class="ehead">📑 Subscription <span class="badge b-db" style="font-size:.6rem">DB</span></div>
docs/database/erd.html	258	HISTORICAL / DATABASE RETENTION	Explicitly historical project record; current access guidance supersedes it.	<div class="field fk">🔗 planId <span class="ftype">FK→PricingPlan</span></div>
docs/database/erd.html	260	HISTORICAL / DATABASE RETENTION	Explicitly historical project record; current access guidance supersedes it.	<div class="field req">status <span class="ftype">SubscriptionStatus</span></div>
docs/database/erd.html	482	HISTORICAL / DATABASE RETENTION	Explicitly historical project record; current access guidance supersedes it.	<div class="field fk">🔗 subscriptionId <span class="ftype">FK→Subscription?</span></div>
docs/database/erd.html	773	HISTORICAL / DATABASE RETENTION	Explicitly historical project record; current access guidance supersedes it.	<p class="sub">Complete FK mapping across all 30 entities. Every tenant-scoped entity has a required tenantId for multi-tenant isolation. SystemAdmin and PricingPlan are platform-global (no tenantId).</p>
docs/database/erd.html	781	HISTORICAL / DATABASE RETENTION	Explicitly historical project record; current access guidance supersedes it.	<tr><td class="ename">PricingPlan</td><td class="ename">PlanFeature</td><td class="reltype">1:N</td><td class="mono">PlanFeature.planId</td><td><span class="badge b-db">DB</span></td></tr>
docs/database/erd.html	782	HISTORICAL / DATABASE RETENTION	Explicitly historical project record; current access guidance supersedes it.	<tr><td class="ename">PricingPlan</td><td class="ename">Subscription</td><td class="reltype">1:N</td><td class="mono">Subscription.planId</td><td><span class="badge b-db">DB</span></td></tr>
docs/database/erd.html	783	HISTORICAL / DATABASE RETENTION	Explicitly historical project record; current access guidance supersedes it.	<tr><td class="ename">Tenant</td><td class="ename">Subscription</td><td class="reltype">1:N</td><td class="mono">Subscription.tenantId</td><td><span class="badge b-db">DB</span></td></tr>
docs/database/erd.html	785	HISTORICAL / DATABASE RETENTION	Explicitly historical project record; current access guidance supersedes it.	<tr><td class="ename">Subscription</td><td class="ename">Invoice</td><td class="reltype">1:N</td><td class="mono">Invoice.subscriptionId</td><td><span class="badge b-db">DB</span></td></tr>
docs/database/erd.html	861	HISTORICAL / DATABASE RETENTION	Explicitly historical project record; current access guidance supersedes it.	<tr><td class="ename">PricingPlan</td><td><span class="badge b-db">DB ✅ NEW</span></td><td>Global plan catalog, managed by SystemAdmin</td></tr>
docs/database/erd.html	862	HISTORICAL / DATABASE RETENTION	Explicitly historical project record; current access guidance supersedes it.	<tr><td class="ename">PlanFeature</td><td><span class="badge b-db">DB ✅ NEW</span></td><td>Child of PricingPlan</td></tr>
docs/database/erd.html	863	HISTORICAL / DATABASE RETENTION	Explicitly historical project record; current access guidance supersedes it.	<tr><td class="ename">Subscription</td><td><span class="badge b-db">DB ✅ NEW</span></td><td>Billing source of truth per tenant</td></tr>
docs/database/erd.html	872	HISTORICAL / DATABASE RETENTION	Explicitly historical project record; current access guidance supersedes it.	<tr><td class="ename">Invoice</td><td><span class="badge b-db">DB ✅</span></td><td>Was FE — now in DB. Added subscriptionId FK</td></tr>
docs/database/erd.html	895	HISTORICAL / DATABASE RETENTION	Explicitly historical project record; current access guidance supersedes it.	<li><strong style="color:var(--text)">Seed PricingPlan + PlanFeature</strong> — Free / Pro / Enterprise tiers</li>
docs/database/erd.html	971	HISTORICAL / DATABASE RETENTION	Explicitly historical project record; current access guidance supersedes it.	<div class="rec-title">🟡 Tenant.subscriptionStatus separate from Tenant.status</div>
docs/database/erd.html	972	HISTORICAL / DATABASE RETENTION	Explicitly historical project record; current access guidance supersedes it.	<div class="rec-why"><strong>Why:</strong> status = System Admin approval state. subscriptionStatus = PayMongo billing state. A tenant can be ACTIVE (approved) but PAST_DUE (payment failed). <strong>Status:</strong> Both fields are now in Tenant model.</div>
docs/database/erd.html	974	HISTORICAL / DATABASE RETENTION	Explicitly historical project record; current access guidance supersedes it.	subscriptionStatus SubscriptionStatus  // TRIAL|ACTIVE|PAST_DUE|CANCELLED
docs/database/erd.html	975	HISTORICAL / DATABASE RETENTION	Explicitly historical project record; current access guidance supersedes it.	trialEndsAt        DateTime?
docs/database/erd.html	976	HISTORICAL / DATABASE RETENTION	Explicitly historical project record; current access guidance supersedes it.	subscriptionEndsAt DateTime?</div>
docs/database/erd.html	1022	HISTORICAL / DATABASE RETENTION	Explicitly historical project record; current access guidance supersedes it.	<tr><td class="ename">System Admin</td><td>Platform-wide (cross-tenant)</td><td>Bypass all RBAC — full Admin Portal access. Manages PricingPlan, approves Tenants, verifies TenantDocuments.</td><td>Seed script only</td></tr>
docs/database/erd.html	1132	HISTORICAL / DATABASE RETENTION	Explicitly historical project record; current access guidance supersedes it.	<div class="step-desc">Deal moved to <code>Closed Won</code>.<br>Contact.status → <code>CLOSED</code>.<br><code>Deal.closedAt</code> stamped.<br>Sales Rep clicks "Convert to Invoice" → Invoice created with subscriptionId if billing active.</div>
docs/database/erd.html	1162	HISTORICAL / DATABASE RETENTION	Explicitly historical project record; current access guidance supersedes it.	<tr><td><code>subscription.past_due</code></td><td>Notify billing admin, suspend features</td><td><span class="badge b-db">DB</span></td></tr>
docs/database/erd.html	1219	HISTORICAL / DATABASE RETENTION	Explicitly historical project record; current access guidance supersedes it.	{from:'e-pricingplan',to:'e-planfeature',type:'1:N',color:'#3fb950'},
docs/database/erd.html	1220	HISTORICAL / DATABASE RETENTION	Explicitly historical project record; current access guidance supersedes it.	{from:'e-pricingplan',to:'e-subscription',type:'1:N',color:'#3fb950'},
docs/database/erd.html	1221	HISTORICAL / DATABASE RETENTION	Explicitly historical project record; current access guidance supersedes it.	{from:'e-tenant',to:'e-subscription',type:'1:N',color:'#3fb950'},
docs/database/erd.html	1223	HISTORICAL / DATABASE RETENTION	Explicitly historical project record; current access guidance supersedes it.	{from:'e-subscription',to:'e-invoice',type:'1:N',color:'#3fb950'},
docs/database/erd.md	16	HISTORICAL / DATABASE RETENTION	Explicitly historical project record; current access guidance supersedes it.	PricingPlan (platform-global)
docs/database/erd.md	17	HISTORICAL / DATABASE RETENTION	Explicitly historical project record; current access guidance supersedes it.	└──(n) PlanFeature
docs/database/erd.md	18	HISTORICAL / DATABASE RETENTION	Explicitly historical project record; current access guidance supersedes it.	└──(n) Subscription
docs/database/erd.md	22	HISTORICAL / DATABASE RETENTION	Explicitly historical project record; current access guidance supersedes it.	├──(n) Subscription ──── FK→PricingPlan
docs/database/erd.md	49	HISTORICAL / DATABASE RETENTION	Explicitly historical project record; current access guidance supersedes it.	│         ├──(n) Invoice ──── FK→Subscription?
docs/database/erd.md	91	HISTORICAL / DATABASE RETENTION	Explicitly historical project record; current access guidance supersedes it.	> No tenantId. LeadCRM platform operators only. Manages tenants, pricing, approvals.
docs/database/erd.md	95	HISTORICAL / DATABASE RETENTION	Explicitly historical project record; current access guidance supersedes it.	### PricingPlan `[DB — platform-global]`
docs/database/erd.md	99	HISTORICAL / DATABASE RETENTION	Explicitly historical project record; current access guidance supersedes it.	planType       FREE | PRO | ENTERPRISE
docs/database/erd.md	112	HISTORICAL / DATABASE RETENTION	Explicitly historical project record; current access guidance supersedes it.	### PlanFeature `[DB]`
docs/database/erd.md	115	HISTORICAL / DATABASE RETENTION	Explicitly historical project record; current access guidance supersedes it.	planId      String   FK→PricingPlan
docs/database/erd.md	133	HISTORICAL / DATABASE RETENTION	Explicitly historical project record; current access guidance supersedes it.	subscriptionStatus TRIAL | ACTIVE | PAST_DUE | CANCELLED | EXPIRED
docs/database/erd.md	134	HISTORICAL / DATABASE RETENTION	Explicitly historical project record; current access guidance supersedes it.	plan               FREE | PRO | ENTERPRISE  (denorm cache — source of truth = Subscription)
docs/database/erd.md	135	HISTORICAL / DATABASE RETENTION	Explicitly historical project record; current access guidance supersedes it.	trialEndsAt        DateTime?
docs/database/erd.md	136	HISTORICAL / DATABASE RETENTION	Explicitly historical project record; current access guidance supersedes it.	subscriptionEndsAt DateTime?
docs/database/erd.md	146	HISTORICAL / DATABASE RETENTION	Explicitly historical project record; current access guidance supersedes it.	### Subscription `[DB]`
docs/database/erd.md	150	HISTORICAL / DATABASE RETENTION	Explicitly historical project record; current access guidance supersedes it.	planId          String             FK→PricingPlan
docs/database/erd.md	152	HISTORICAL / DATABASE RETENTION	Explicitly historical project record; current access guidance supersedes it.	status          SubscriptionStatus
docs/database/erd.md	732	HISTORICAL / DATABASE RETENTION	Explicitly historical project record; current access guidance supersedes it.	subscriptionId  String?   FK→Subscription (set null on delete)
docs/database/erd.md	802	HISTORICAL / DATABASE RETENTION	Explicitly historical project record; current access guidance supersedes it.	| PricingPlan | PlanFeature | 1:N | `PlanFeature.planId` |
docs/database/erd.md	803	HISTORICAL / DATABASE RETENTION	Explicitly historical project record; current access guidance supersedes it.	| PricingPlan | Subscription | 1:N | `Subscription.planId` |
docs/database/erd.md	804	HISTORICAL / DATABASE RETENTION	Explicitly historical project record; current access guidance supersedes it.	| Tenant | Subscription | 1:N | `Subscription.tenantId` |
docs/database/erd.md	846	HISTORICAL / DATABASE RETENTION	Explicitly historical project record; current access guidance supersedes it.	| Subscription | Invoice | 1:N | `Invoice.subscriptionId` |
docs/internal-crm-cleanup.md	3	ACTIVE AND REQUIRED	Current retirement/access documentation or unrelated technical upgrade note.	LeadCRM authorizes employee accounts through authentication, tenant access, Sandbox/Live environment scope, and existing RBAC permissions. There is no subscription entitlement or record quota. System Admin retains its separate portal and cannot use the tenant environment switcher.
docs/internal-crm-cleanup.md	7	ACTIVE AND REQUIRED	Current retirement/access documentation or unrelated technical upgrade note.	Removed Stripe services and webhook routes, plan/subscription/verification gates, plan cache and quota enforcement, trial/downgrade jobs, subscription activation bypass, pricing seeds, business-document upload implementation, obsolete shared contracts, Stripe/Multer dependencies and configuration. The standalone Activities route/navigation/page and unreachable billing page were removed. Customer invoice APIs, payment processing, and deal contract fields remain.
docs/internal-crm-cleanup.md	50	ACTIVE AND REQUIRED	Current retirement/access documentation or unrelated technical upgrade note.	- `backend/src/api/middleware/subscription-gate.middleware.ts`
docs/internal-crm-cleanup.md	53	ACTIVE AND REQUIRED	Current retirement/access documentation or unrelated technical upgrade note.	- `backend/src/config/stripe-readiness.ts`
docs/internal-crm-cleanup.md	54	ACTIVE AND REQUIRED	Current retirement/access documentation or unrelated technical upgrade note.	- `backend/src/config/stripe.config.ts`
docs/internal-crm-cleanup.md	55	ACTIVE AND REQUIRED	Current retirement/access documentation or unrelated technical upgrade note.	- `backend/src/database/seeders/pricing-plans.seed.ts`
docs/internal-crm-cleanup.md	56	ACTIVE AND REQUIRED	Current retirement/access documentation or unrelated technical upgrade note.	- `backend/src/jobs/pending-downgrade.job.ts`
docs/internal-crm-cleanup.md	57	ACTIVE AND REQUIRED	Current retirement/access documentation or unrelated technical upgrade note.	- `backend/src/jobs/trial-expiration.job.ts`
docs/internal-crm-cleanup.md	58	ACTIVE AND REQUIRED	Current retirement/access documentation or unrelated technical upgrade note.	- `backend/src/modules/billing/subscriptions/subscription-activation.service.ts`
docs/internal-crm-cleanup.md	59	ACTIVE AND REQUIRED	Current retirement/access documentation or unrelated technical upgrade note.	- `backend/src/modules/billing/subscriptions/subscriptions.controller.ts`
docs/internal-crm-cleanup.md	60	ACTIVE AND REQUIRED	Current retirement/access documentation or unrelated technical upgrade note.	- `backend/src/modules/billing/subscriptions/subscriptions.dto.ts`
docs/internal-crm-cleanup.md	61	ACTIVE AND REQUIRED	Current retirement/access documentation or unrelated technical upgrade note.	- `backend/src/modules/billing/subscriptions/subscriptions.service.ts`
docs/internal-crm-cleanup.md	67	ACTIVE AND REQUIRED	Current retirement/access documentation or unrelated technical upgrade note.	- `backend/src/modules/stripe/admin-billing.controller.ts`
docs/internal-crm-cleanup.md	68	ACTIVE AND REQUIRED	Current retirement/access documentation or unrelated technical upgrade note.	- `backend/src/modules/stripe/pricing-plans.controller.ts`
docs/internal-crm-cleanup.md	69	ACTIVE AND REQUIRED	Current retirement/access documentation or unrelated technical upgrade note.	- `backend/src/modules/stripe/pricing-plans.repository.ts`
docs/internal-crm-cleanup.md	70	ACTIVE AND REQUIRED	Current retirement/access documentation or unrelated technical upgrade note.	- `backend/src/modules/stripe/pricing-plans.service.ts`
docs/internal-crm-cleanup.md	71	ACTIVE AND REQUIRED	Current retirement/access documentation or unrelated technical upgrade note.	- `backend/src/modules/stripe/stripe-checkout.service.ts`
docs/internal-crm-cleanup.md	72	ACTIVE AND REQUIRED	Current retirement/access documentation or unrelated technical upgrade note.	- `backend/src/modules/stripe/stripe-customers.service.ts`
docs/internal-crm-cleanup.md	73	ACTIVE AND REQUIRED	Current retirement/access documentation or unrelated technical upgrade note.	- `backend/src/modules/stripe/stripe-payments-overview.service.ts`
docs/internal-crm-cleanup.md	74	ACTIVE AND REQUIRED	Current retirement/access documentation or unrelated technical upgrade note.	- `backend/src/modules/stripe/stripe-products.service.ts`
docs/internal-crm-cleanup.md	75	ACTIVE AND REQUIRED	Current retirement/access documentation or unrelated technical upgrade note.	- `backend/src/modules/stripe/stripe-refunds.service.ts`
docs/internal-crm-cleanup.md	76	ACTIVE AND REQUIRED	Current retirement/access documentation or unrelated technical upgrade note.	- `backend/src/modules/stripe/stripe-subscriptions.service.ts`
docs/internal-crm-cleanup.md	77	ACTIVE AND REQUIRED	Current retirement/access documentation or unrelated technical upgrade note.	- `backend/src/modules/stripe/stripe-webhook-event.repository.ts`
docs/internal-crm-cleanup.md	78	ACTIVE AND REQUIRED	Current retirement/access documentation or unrelated technical upgrade note.	- `backend/src/modules/stripe/stripe-webhook.service.ts`
docs/internal-crm-cleanup.md	80	ACTIVE AND REQUIRED	Current retirement/access documentation or unrelated technical upgrade note.	- `docs/STRIPE-LOCAL-SETUP.md`
docs/internal-crm-cleanup.md	81	ACTIVE AND REQUIRED	Current retirement/access documentation or unrelated technical upgrade note.	- `docs/STRIPE-SETUP.md`
docs/plans/auth-onboarding-lifecycle.md	67	HISTORICAL / DATABASE RETENTION	Explicitly historical project record; current access guidance supersedes it.	selection, or subscription activation are part of onboarding. Completing
docs/plans/auth-onboarding-lifecycle.md	69	HISTORICAL / DATABASE RETENTION	Explicitly historical project record; current access guidance supersedes it.	subscription activation flow remains responsible for that promotion.
docs/plans/auth-onboarding-lifecycle.md	187	HISTORICAL / DATABASE RETENTION	Explicitly historical project record; current access guidance supersedes it.	- Onboarding does not activate subscriptions or change pricing/plan restrictions.
docs/plans/auth-onboarding-lifecycle.md	242	HISTORICAL / DATABASE RETENTION	Explicitly historical project record; current access guidance supersedes it.	emailVerified, tenant identity/name/status, subscription/plan, company fields,
docs/plans/auth-onboarding-lifecycle.md	330	HISTORICAL / DATABASE RETENTION	Explicitly historical project record; current access guidance supersedes it.	- [x] Preserve subscription/RBAC checks after readiness. Database errors fail
docs/plans/auth-onboarding-lifecycle.md	368	HISTORICAL / DATABASE RETENTION	Explicitly historical project record; current access guidance supersedes it.	client route guards remain. No Next.js upgrade or replacement proxy.ts is needed.
docs/plans/auth-onboarding-lifecycle.md	456	HISTORICAL / DATABASE RETENTION	Explicitly historical project record; current access guidance supersedes it.	so a repair cannot overwrite a user's concurrent legitimate setup or upgrade.
docs/plans/auth-onboarding-lifecycle.md	459	HISTORICAL / DATABASE RETENTION	Explicitly historical project record; current access guidance supersedes it.	legitimate subscription promotions are preserved. No repair runs during planning.
docs/plans/auth-onboarding-lifecycle.md	572	HISTORICAL / DATABASE RETENTION	Explicitly historical project record; current access guidance supersedes it.	legitimate onboarding or subscription changes occurred afterward.
docs/plans/final-role-model.md	5	ACTIVE AND REQUIRED	Current retirement/access documentation or unrelated technical upgrade note.	Client Admin is the only predefined tenant role. It requires a valid @camxian.com employee email and follows sign in → required password change → required LeadCRM onboarding → dashboard. Provisioning remains in the existing System Admin tenant service. Subscriptions never grant roles.
docs/plans/final-role-model.md	40	ACTIVE AND REQUIRED	Current retirement/access documentation or unrelated technical upgrade note.	- No active provisioning, seeder, default, selector, permission grant, onboarding transition, or subscription promotion assigns Guest.
docs/plans/internal-camxian-crm.md	9	ACTIVE AND REQUIRED	Current retirement/access documentation or unrelated technical upgrade note.	Originally, public registration/Google created Guest workspaces, verification issued sessions, and tenant onboarding advanced through introduction/workflow/company setup. Subscription middleware restricted CRM operations. System Admin tenant creation inserted paid subscription records. SaaS entry points also appeared in settings, dropdowns, search, dashboards, and tenant management.
docs/plans/internal-camxian-crm.md	16	ACTIVE AND REQUIRED	Current retirement/access documentation or unrelated technical upgrade note.	- API registration: api/routes/auth.routes.ts, admin.routes.ts, billing.routes.ts, index.ts, and the CRM/administration/automation/marketing/operations/reporting/integration route files that previously attached subscription or plan gates; server.ts stops starting subscription-expiration/downgrade jobs.
docs/plans/internal-camxian-crm.md	19	ACTIVE AND REQUIRED	Current retirement/access documentation or unrelated technical upgrade note.	- Removed obsolete frontend code: public landing and registration UI, Google/verification forms and provider adapter, old company-setup UI, both portals’ SaaS billing/pricing/checkout/document/seat pages and services, plan/account payment settings, upgrade banners/modals/interceptor, old SaaS terms page, and retired billing/pricing route pages.
docs/plans/internal-camxian-crm.md	37	ACTIVE AND REQUIRED	Current retirement/access documentation or unrelated technical upgrade note.	| SaaS subscription, pricing, checkout, seats, business-document activation, payment methods, memberships | Pages/navigation/settings/services removed; backend APIs unregistered; CRM plan/subscription gates detached; subscription scheduled jobs no longer started. |
docs/plans/internal-camxian-crm.md	38	ACTIVE AND REQUIRED	Current retirement/access documentation or unrelated technical upgrade note.	| Stripe products/customers/refunds/subscriptions and billing database models | Ignored database structures retained for historical data only. Stripe code, webhooks, and dependencies have since been removed. No portal billing/pricing APIs are registered. Destructive historical data cleanup is a separate operation. |
docs/plans/internal-camxian-crm.md	39	ACTIVE AND REQUIRED	Current retirement/access documentation or unrelated technical upgrade note.	| Customer invoices, contracts, payment reconciliation, pipeline subscription renewals | Operational CRM functionality and vocabulary, retained. Customer invoice APIs still enforce tenant scope, readiness, and permissions. |
docs/plans/internal-camxian-crm.md	50	ACTIVE AND REQUIRED	Current retirement/access documentation or unrelated technical upgrade note.	- HTTP smoke checks against the production frontend: root/register/verify-email/company-setup return 307 to login; billing, billing/client, admin/billing, admin/pricing, admin/webhooks, terms-of-service, api/auth/providers, and api/verify-email return 404.
docs/plans/internal-camxian-crm.md	51	ACTIVE AND REQUIRED	Current retirement/access documentation or unrelated technical upgrade note.	- Repository searches classified remaining billing, signup, OTP, Google, pricing, subscription, payment, membership, document, and upgrade references as above.
docs/registration-flow.md	1	HISTORICAL / DATABASE RETENTION	Explicitly historical project record; current access guidance supersedes it.	> Historical design: superseded by [the current authentication and role model](authentication.md). The registration/subscription flows below are not active.
docs/setup/deployment.md	15	ACTIVE AND REQUIRED	Current retirement/access documentation or unrelated technical upgrade note.	Apply `20260919000000_internal_accounts` before deploying the new backend. Public signup, Google account authentication, OTP, subscriptions, pricing, and SaaS billing are retired. Gmail integration credentials remain separate. Follow [current authentication deployment requirements](../authentication.md#deployment). The older rollout notes below are historical.
docs/system_review_plan.md	14	HISTORICAL / DATABASE RETENTION	Explicitly historical project record; current access guidance supersedes it.	1. **Product Manager (SaaS & Growth Portfolio)**: Focused on marketability, user retention, subscription limits, and monetization through solid feature-tiering.
docs/system_review_plan.md	21	HISTORICAL / DATABASE RETENTION	Explicitly historical project record; current access guidance supersedes it.	8. **Database & SaaS Architects**: Protectors of tenant data isolation, DB index health, referential integrity, and subscription-lifecycle transitions.
docs/system_review_plan.md	105	HISTORICAL / DATABASE RETENTION	Explicitly historical project record; current access guidance supersedes it.	- Add subscription status cards representing limits (e.g., "Basic Subscription - Limit: 50 Client Profiles").
docs/system_review_plan.md	114	HISTORICAL / DATABASE RETENTION	Explicitly historical project record; current access guidance supersedes it.	### 9. Billing / Subscription Module
docs/system_review_plan.md	117	HISTORICAL / DATABASE RETENTION	Explicitly historical project record; current access guidance supersedes it.	- Detail visual representations of subscription limits with warning levels.
docs/user-roles.md	5	ACTIVE AND REQUIRED	Current retirement/access documentation or unrelated technical upgrade note.	Client Admin is the predefined tenant administrator. A valid @camxian.com email is required. The flow is sign in, required password change, required LeadCRM onboarding, then dashboard. Subscription payments never assign administrator permissions.
docs/workflows/pipeline-stage-flow.md	25	ACTIVE AND REQUIRED	Current retirement/access documentation or unrelated technical upgrade note.	| Proposal | Quotation sent to customer |
docs/workflows/workflow-implementation-plan.md	56	ACTIVE AND REQUIRED	Current retirement/access documentation or unrelated technical upgrade note.	The online npm audit found nine production dependency advisories, including a critical Next.js issue. A constrained `npm audit fix` updated Next.js to 15.5.26, Express to 4.22.3 and other compatible dependencies. No force-upgrade to Next.js 16 was used. Remaining fixes use root overrides: all PostCSS consumers use patched 8.5.28; the Google HTTP client's UUID dependency moves to patched 11.1 (the client uses its unchanged `v4` function). These overrides should be removed once upstream packages declare safe compatible ranges. The updated dependency tree reports zero known vulnerabilities; clean installation and post-update application checks follow.
frontend/src/features/tenant/crm/leads/ui/lead-profile-tabs.tsx	99	UNRELATED BUSINESS TERMINOLOGY	Event subscriptions, git checkout, protocol upgrade, infrastructure resources, or ordinary technical vocabulary.	{ id: 'followup', name: 'Standard Lead Follow Up', subject: 'Following up on your structured cabling quotation', body: `Hi ${lead.leadPerson},\n\nHope you are having a productive week.\n\nI wanted to check if you reviewed the quotation we supplied. Let me know if you would like me to adjust any items.\n\nBest,\n` },
frontend/src/features/tenant/crm/leads/ui/lead-profile-tabs.tsx	869	UNRELATED BUSINESS TERMINOLOGY	Event subscriptions, git checkout, protocol upgrade, infrastructure resources, or ordinary technical vocabulary.	{/* TAB 9: CAMPAIGNS SUBSCRIPTIONS */}
frontend/src/features/tenant/crm/pipeline/ui/pipeline-templates.tsx	110	UNRELATED BUSINESS TERMINOLOGY	Customer products, renewal campaigns, quotations or equipment upgrades; no access gate.	description: 'Track subscription renewals, contract expansions, and upsell opportunities.',
frontend/src/features/tenant/onboarding/__tests__/onboarding-flow.test.tsx	15	ACTIVE AND REQUIRED	Regression assertion preventing retired access rules.	expect(screen.queryByText(/subscription|company setup|pricing/i)).toBeNull();
frontend/src/store/DataContext.tsx	267	UNRELATED BUSINESS TERMINOLOGY	Event subscriptions, git checkout, protocol upgrade, infrastructure resources, or ordinary technical vocabulary.	"Tenant directory automated resource allocation quota & memory utilization status verified successfully.",
frontend/src/store/mockData/campaigns.mock.ts	9	UNRELATED BUSINESS TERMINOLOGY	Customer products, renewal campaigns, quotations or equipment upgrades; no access gate.	name: 'Q1 Security Upgrade Promo',
frontend/src/store/mockData/campaigns.mock.ts	10	UNRELATED BUSINESS TERMINOLOGY	Customer products, renewal campaigns, quotations or equipment upgrades; no access gate.	description: 'Special offers on CCTV and Biometrics upgrades',
frontend/src/store/mockData/contacts.mock.ts	101	UNRELATED BUSINESS TERMINOLOGY	Customer products, renewal campaigns, quotations or equipment upgrades; no access gate.	updateStatus: 'FDAS compliance upgrade deferred to FY2027 budget cycle',
frontend/src/store/mockData/contacts.mock.ts	125	UNRELATED BUSINESS TERMINOLOGY	Customer products, renewal campaigns, quotations or equipment upgrades; no access gate.	notes: 'High potential data center upgrade for core server racks.',
frontend/src/store/mockData/contacts.mock.ts	440	UNRELATED BUSINESS TERMINOLOGY	Customer products, renewal campaigns, quotations or equipment upgrades; no access gate.	streetAddress: '1700 Industrial Ave',
frontend/src/store/mockData/deals.mock.ts	106	UNRELATED BUSINESS TERMINOLOGY	Customer products, renewal campaigns, quotations or equipment upgrades; no access gate.	{ stageId: 'stage_negotiation', timestamp: '2026-03-25T10:00:00.000Z', userId: 'user_sales_1', note: 'Final pricing terms review' },
frontend/src/store/mockData/deals.mock.ts	206	UNRELATED BUSINESS TERMINOLOGY	Customer products, renewal campaigns, quotations or equipment upgrades; no access gate.	{ stageId: 'stage_proposal', timestamp: '2026-03-23T14:00:00.000Z', userId: 'user_sales_2', note: 'BOQ & quotation sent' },
frontend/src/store/mockData/deals.mock.ts	248	UNRELATED BUSINESS TERMINOLOGY	Customer products, renewal campaigns, quotations or equipment upgrades; no access gate.	description: 'Addressable smoke detectors and control panel compliance upgrade.',
frontend/src/store/mockData/deals.mock.ts	250	UNRELATED BUSINESS TERMINOLOGY	Customer products, renewal campaigns, quotations or equipment upgrades; no access gate.	lostReason: 'Prospect deferred FDAS compliance upgrade to FY2027 budget cycle.',
frontend/src/store/mockData/deals.mock.ts	258	UNRELATED BUSINESS TERMINOLOGY	Customer products, renewal campaigns, quotations or equipment upgrades; no access gate.	{ stageId: 'stage_lost',     timestamp: '2026-05-10T15:00:00.000Z', userId: 'user_sales_1', note: 'Prospect deferred upgrade' },
frontend/src/store/mockData/deals.mock.ts	433	UNRELATED BUSINESS TERMINOLOGY	Customer products, renewal campaigns, quotations or equipment upgrades; no access gate.	{ stageId: 'stage_proposal', timestamp: '2026-04-10T15:00:00.000Z', userId: 'user_sales_3', note: 'Night-vision demo quotation delivered' },
frontend/src/store/mockData/deals.mock.ts	506	UNRELATED BUSINESS TERMINOLOGY	Customer products, renewal campaigns, quotations or equipment upgrades; no access gate.	{ stageId: 'stage_proposal', timestamp: '2026-04-12T14:00:00.000Z', userId: 'user_sales_1', note: 'Quotation delivered' },
infrastructure/nginx/nginx.conf	9	UNRELATED BUSINESS TERMINOLOGY	Event subscriptions, git checkout, protocol upgrade, infrastructure resources, or ordinary technical vocabulary.	proxy_set_header Upgrade $http_upgrade;
infrastructure/nginx/nginx.conf	10	UNRELATED BUSINESS TERMINOLOGY	Event subscriptions, git checkout, protocol upgrade, infrastructure resources, or ordinary technical vocabulary.	proxy_set_header Connection 'upgrade';
infrastructure/nginx/nginx.conf	12	UNRELATED BUSINESS TERMINOLOGY	Event subscriptions, git checkout, protocol upgrade, infrastructure resources, or ordinary technical vocabulary.	proxy_cache_bypass $http_upgrade;
leadcrm-kiro-prompt.md	1062	HISTORICAL / DATABASE RETENTION	Explicitly historical project record; current access guidance supersedes it.	- Cancel subscription
